Latitude,Longitude,Satellites, HDOP,Altitude(m),Speed(km/h),Course(°),GPSTime,RTCTime
0.827774,106.696174,10,188,24.53,0,0,12:42:11,
10.82777,106.679534,10,188,25,0,0,12:42:14,
10.827746,106.696243,11,178,23.09,0,0,12:42:17,
10.827754,106.696243,11,178,21.84,0,0,12:42:30,
10.827748,106.69625,11,178,21.54,0,0,12:42:33,
10.827737,106.696258,11,178,19.73,0,0,12:42:36,
10.827724,106.696258,11,178,15.18,0,0,12:42:39,
10.827683,106.683334,11,178,10.77,0,0,12:42:46,
10.827712,106.696258,11,178,12.64,0,0,12:42:52,
10.827713,106.696258,11,178,12.71,0,0,12:42:55,
10.827708,106.696258,11,178,12.92,0,0,12:42:58,
10.827709,6.696256,11,178,12.93,0,0,12:43:01,
10.827709,106.696258,11,178,13.04,0,0,12:43:04,
10.827704,106.696266,11,179,13.08,0,0,12:43:07,
10.8277,106.696266,11,179,13.09,0,0,12:43:10,
10.827696,106.696273,11,179,13.1,0,0,12:43:13,
10.827694,106.696281,11,179,13.11,0,0,12:43:16,
10.827691,106.696281,11,179,13.11,0,0,12:43:20,
10.827691,106.696273,11,179,13.12,0,0,12:43:23,
10.827692,106.696281,11,179,13.27,0,0,12:43:27,
10.827692,106.696281,11,179,13.34,0,0,12:43:30,
10.827692,106.696289,11,179,13.34,0,0,12:43:33,
10.827696,106.696296,11,179,13.34,0,0,12:43:36,
10.827694,106.696304,11,179,13.32,0,0,12:43:39,
10.827688,106.696296,11,179,13.31,0,0,12:43:43,
10.827684,106.696296,11,179,13.36,0,0,12:43:47,
10.827685,106.696304,11,180,13.38,0,0,12:43:51,
10.827685,106.696304,11,180,13.37,0,0,12:43:57,
10.827683,106.696296,11,180,13.21,0,0,12:44:00,
10.827672,106.696304,11,180,12.5,0,0,12:44:05,
10.82767,106.679641,11,180,12.47,0,0,12:44:08,
10.827664,106.696304,10,186,12.4,0,0,12:44:12,
10.827663,106.696304,11,180,12.38,0,0,12:44:15,
10.827664,106.696296,10,186,12.38,0,0,12:44:21,
10.827668,106.696281,10,185,12.39,0,0,12:44:28,
10.827676,106.696258,10,186,12.42,0,0,12:44:36,
10.827685,106.69625,10,186,12.45,0,0,12:44:39,
10.827697,106.696235,10,186,12.45,0,0,12:44:44,
0.827701,106.696235,11,180,12.48,0,0,12:44:47,
10.827705,106.696235,11,180,12.48,0,0,12:44:50,
10.827709,106.696243,11,180,12.46,0,0,12:44:54,
10.827708,106.696243,11,180,12.45,0,0,12:44:58,
10.827712,106.696243,10,186,12.45,0,0,12:45:03,
10.827715,106.69622,10,186,12.98,0,0,12:45:12,
10.827715,106.69622,10,186,13.11,0,0,12:44:15,
10.827722,106.696205,10,187,13.2,0,0,12:45:20,
10.827721,106.696205,10,187,13.29,0,0,12:45:24,
10.827724,106.696197,10,187,13.32,0,0,12:45:30,
10.827723,106.696197,10,187,13.42,0,0,12:45:33,
10.827719,106.696189,10,187,13.45,0,0,12:45:36,
10.827715,106.696197,10,187,13.45,0,0,12:45:39,
10.827719,106.696189,10,187,13.45,0,0,12:45:43,
10.827726,107.696182,10,187,13.23,0,0,12:45:50,
10.827721,106.696174,10,187,13.16,0,0,12:45:57,
10.827723,106.696166,10,187,13.16,0,0,12:46:02,
10.827725,106.696166,10,187,13.15,0,0,12:46:05,
10.827728,106.696166,10,187,13.1,0,0,12:46:09,
10.827732,106.696166,10,187,13.08,0,0,12:46:13,
10.827732,106.696174,10,187,13.36,0,0,12:46:25,
10.827726,106.696182,10,187,13.38,0,0,12:46:28,
10.827718,106.696182,11,182,13.37,0,0,12:46:37,
10.827714,106.696182,11,182,13.42,0,0,12:46:42,
10.827713,106.696182,11,182,13.46,0,0,12:46:45,
10.827712,106.696174,11,182,13.45,0,0,12:46:49,
0.827695,106.696182,11,182,13.39,0,0,12:46:58,
10.827692,107.696189,11,182,13.38,0,0,12:47:01,
10.827673,106.696189,11,182,13.36,0,0,12:47:04,
10.82769,106.696189,11,182,13.37,0,0,12:47:07,
10.827687,106.696182,11,182,13.41,0,0,12:47:10,
10.811021,106.696189,11,182,3.44,0,0,12:47:14,
10.82769,106.696189,11,182,13.47,0,0,12:47:17,
10.827689,106.696189,11,182,13.48,0,0,12:47:22,
10.827685,106.696189,11,182,13.34,0,0,12:47:29,
10.827681,106.696189,11,182,13.3,0,0,12:47:35,
10.827675,106.696197,11,182,13.29,0,0,12:47:38,
10.827836,106.696197,11,183,13.27,0,0,12:47:42,
10.827669,106.696197,11,183,13.25,0,0,12:47:46,
10.82767,106.696197,11,183,13.28,0,0,12:47:50,
10.827663,106.696197,11,183,13.35,0,0,12:47:55,
10.827666,106.696189,11,183,13.32,0,0,12:48:01,
10.827667,106.696182,11,183,13.37,0,0,12:48:05,
10.827667,106.696182,11,183,13.43,0,0,12:48:08,
10.827667,106.696182,11,183,13.48,0,0,12:48:11,
10.827666,106.696182,11,183,13.49,0,0,12:48:16,
10.827667,106.696182,11,183,13.51,0,0,12:48:20,
10.827667,106.696182,11,183,13.55,0,0,12:48:23,
10.827663,106.696182,11,183,13.48,0,0,12:48:26,
10.827657,106.696174,11,184,13.51,0,0,12:48:29,
10.827649,6.69618,11,183,13.5,0,0,12:48:33,
10.827647,106.696182,10,203,13.49,0,0,12:48:36,
10.827645,106.696182,11,184,13.5,0,0,12:48:39,
10.827639,106.696182,11,183,13.65,0,0,12:48:45,
10.827633,106.696174,11,183,13.76,0,0,12:48:48,
10.827625,106.696174,11,183,13.94,0,0,12:48:51,
10.82763,106.696166,11,183,13.88,0,0,12:48:54,
10.827653,106.696159,10,203,13.71,0,0,12:49:04,
10.827657,106.696159,9,222,13.7,0,0,12:49:07,
10.827662,106.696159,9,222,13.68,0,0,12:49:10,
10.827664,106.696159,9,222,13.67,0,0,12:49:13,
10.827666,106.696151,9,222,13.68,0,0,12:49:18,
10.827667,107.696151,9,222,13.68,0,0,12:49:21,
10.827497,106.679489,9,222,13.63,0,0,12:49:25,
10.82766,106.696151,10,204,13.63,0,0,12:49:29,
10.82766,106.696151,10,203,13.63,0,0,12:49:32,
10.82766,106.696151,11,184,13.68,0,0,12:49:37,
10.82766,106.696151,10,204,13.66,0,0,12:49:40,
10.82766,106.696144,11,184,13.66,0,0,12:49:43,
10.827662,106.696144,11,184,13.61,0,0,12:49:47,
10.827658,106.679489,11,184,13.76,0,0,12:49:50,
10.827652,106.696166,11,184,13.81,0,0,12:49:57,
10.82765,106.696174,11,184,13.77,0,0,12:50:04,
10.827649,106.696174,11,184,13.84,0,0,12:50:07,
10.82765,106.696174,11,184,13.89,0,0,12:50:11,
10.827652,106.696174,11,184,13.86,0,0,12:50:14,
10.827654,106.683334,11,184,13.97,0,0,12:50:17,
10.827652,106.696174,11,100,14.11,0,0,12:50:22,
0.827647,106.696174,11,185,13.98,0,0,12:50:25,
10.827644,106.696166,11,185,13.88,0,0,12:50:29,
10.827645,106.696166,11,185,13.85,0,0,12:50:32,
10.827649,106.696166,11,185,13.75,0,0,12:50:38,
10.827647,106.696166,11,185,13.79,0,0,12:50:41,
10.827645,106.696166,11,185,13.79,0,0,12:50:44,
10.827643,106.696166,11,185,13.76,0,0,12:50:47,
0.827639,106.696166,11,185,13.67,0,0,12:50:53,
10.827642,106.696166,11,185,13.53,0,0,12:50:58,
10.829306,106.696166,11,185,13.4,0,0,12:51:04,
10.827641,106.696166,11,185,13.36,0,0,12:51:08,
10.827654,106.696166,11,185,13.31,0,0,12:51:13,
10.827666,106.696144,11,185,13.35,0,0,12:51:18,
10.811004,106.696159,11,185,13.46,0,0,12:51:25,
10.827677,106.696151,11,184,13.46,0,0,11:51:29,
10.827686,106.696159,10,185,13.4,0,0,12:51:33,
10.827693,106.696166,11,185,13.4,0,0,12:51:38,
10.827695,106.696159,10,185,13.44,0,0,12:51:42,
10.827693,106.696159,11,185,13.46,0,0,12:51:46,
10.827692,106.696166,11,185,13.53,0,0,12:51:51,
10.827687,106.696159,11,185,13.54,0,0,12:51:55,
10.827681,106.696151,11,185,13.52,0,0,12:51:58,
10.827677,106.696151,11,185,13.51,0,0,12:52:01,
10.827673,106.696151,11,185,13.6,0,0,12:52:04,
10.827673,106.696151,11,185,13.73,0,0,12:52:07,
10.827672,106.696151,11,185,13.83,0,0,12:52:10,
10.827672,106.696151,11,185,13.95,0,0,12:52:13,
10.827677,106.696151,11,185,14.12,0,0,12:52:17,
10.827677,106.696151,11,185,14.23,0,0,12:52:22,
10.827673,106.696151,11,185,14.29,0,0,12:52:26,
10.827667,106.696151,11,185,14.4,0,0,12:52:30,
10.827674,106.696144,12,146,14.44,0,0,12:52:34,
10.827583,106.696182,12,202,14.45,0,0,12:52:42,
10.827521,106.696212,12,202,14.33,0,0,12:52:45,
10.827459,106.683334,12,202,13.81,0,0,12:52:49,
10.827396,106.696258,12,202,12.98,0,0,12:52:52,
10.827359,106.679603,12,201,11.8,0,0,12:52:54,
10.827318,106.696273,12,146,8.2,0,0,12:53:01,
10.82737,107.696273,12,146,4.97,0,0,12:53:05,
10.827383,106.696273,11,100,5,0,0,12:53:10,
10.827383,106.696273,11,158,5,0,0,12:53:17,
10.827383,106.696273,11,100,5,0,0,12:53:23,
10.827383,106.696273,11,158,5,0,0,12:53:30,
10.827383,106.696273,11,158,5,0,0,12:53:34,
10.827383,106.696273,11,158,5,0,0,12:53:37,
10.82905,106.696273,11,158,5,0,0,12:53:41,
10.827383,106.696273,11,158,5,0,0,12:43:44,
10.827383,106.696273,11,158,5,0,0,12:53:47,
10.827383,106.696273,12,147,5,0,0,12:53:50,
10.827423,106.696258,11,158,7.73,0,0,12:53:55,
10.827416,106.69625,12,147,7.95,0,0,12:54:00,
10.827397,106.696258,12,147,8.03,0,0,12:54:03,
10.827378,106.696266,12,148,8.27,0,0,12:54:08,
10.827373,106.696266,12,148,8.45,0,0,12:54:12,
10.827376,106.696258,12,148,8.51,0,0,12:54:16,
10.827376,106.696258,11,154,8.51,0,0,12:54:19,
10.827376,107.696258,11,154,8,0,0,12:54:22,
10.827386,106.696228,1,154,8.67,0,0,12:54:26,
10.827394,106.696228,11,154,8.69,0,0,12:54:30,
10.827397,106.696228,11,154,8.7,0,0,12:54:33,
10.827397,106.696228,11,154,8.7,0,0,12:54:36,
10.81073,106.696228,11,154,8.7,0,0,12:54:39,
10.827397,106.696228,11,154,8.7,0,0,12:54:42,
10.827397,106.696228,11,154,8.7,0,0,12:54:45,
10.827404,106.696205,11,154,9.67,0,0,12:54:49,
10.827404,106.696197,11,154,10.03,0,0,12:54:52,
10.827391,106.696197,11,154,10.47,0,0,12:54:58,
10.827391,106.696197,11,154,10.47,0,0,12:55:01,
10.827391,106.696197,11,154,10.47,0,0,12:55:08,
10.810725,6.696197,11,154,10.47,0,0,12:55:11,
10.827391,106.696197,11,154,10.47,0,0,12:55:14,
0.827391,106.696197,11,144,10.47,0,0,12:55:17,
10.827391,106.696197,11,155,10.47,0,0,12:55:21,
10.827391,106.696197,11,155,10.47,0,0,12:55:24,
10.827391,106.696197,11,155,10.47,0,0,12:55:27,
10.827391,106.679527,11,155,10.47,0,0,12:55:30,
10.827391,106.696197,12,148,10.47,0,0,12:55:36,
10.827344,106.696189,12,148,10.87,0,0,12:55:39,
10.827286,106.696174,12,148,8.83,0,0,12:55:44,
10.82723,106.696189,11,306,6.69,0,0,12:55:48,
10.827184,106.696182,11,159,4.94,0,0,12:55:51,
10.827119,106.696174,11,159,2.62,0,0,12:55:55,
10.827059,106.696159,12,303,-0.92,0,0,12:56:01,
10.827075,106.696159,12,152,-3.98,0,0,12:56:06,
10.82711,6.696146,12,152,-3.64,0,0,11:56:09,
10.82711,106.696144,12,152,-3.64,0,0,12:56:12,
10.82711,106.696144,12,152,-3.64,0,0,12:56:17,
10.82711,106.696144,12,153,-3.64,0,0,12:56:20,
10.827139,106.696136,12,153,-4.7,0,0,12:56:24,
10.827136,106.679466,12,153,-4.77,0,0,12:56:31,
10.827136,106.696136,13,144,-4.67,0,0,12:56:34,
10.827136,106.696136,13,144,-4.67,0,0,12:56:40,
10.827136,106.696136,13,144,-4.67,0,0,12:56:43,
10.827136,106.696136,13,144,-4.67,0,0,12:56:48,
10.810469,106.696136,13,144,-4.67,0,0,12:46:51,
10.827136,106.696136,13,144,-4.67,0,0,12:56:54,
10.827136,106.696136,13,144,-4.67,0,0,12:56:57,
10.827136,106.696136,13,144,-4.67,0,0,12:57:02,
10.827136,106.696136,13,144,-4.67,0,0,12:57:06,
10.827136,106.696136,13,144,-4.67,0,0,12:57:13,
10.827136,106.696136,13,144,-4.67,0,0,12:57:16,
10.827136,107.696136,13,144,-4.67,0,0,12:57:19,
10.827136,106.696136,13,144,-4.67,0,0,12:57:22,
10.827136,106.696136,13,144,-4.67,0,0,12:57:27,
10.827136,106.696136,13,144,-4.67,0,0,12:57:30,
10.827136,106.696136,13,144,-4.67,0,0,12:57:35,
10.827136,106.679466,13,144,-4.67,0,0,12:57:38,
10.827136,106.696136,13,144,-4.67,0,0,12:57:45,
10.8271,106.696151,13,144,-2.58,0,0,12:57:51,
10.827098,106.696151,13,144,-2.44,0,0,12:57:55,
10.827098,106.696151,13,144,-2.44,0,0,12:57:59,
10.827098,106.696151,12,150,-2.44,0,0,12:58:03,
10.827098,106.696151,12,150,-2.44,0,0,12:58:06,
10.827098,106.696151,12,150,-2.44,0,0,12:58:09,
10.827098,106.696151,12,150,-2.44,0,0,12:58:13,
10.827098,106.696151,12,150,-2.44,0,0,12:58:16,
10.827098,106.696151,12,150,-2.44,0,0,12:58:19,
10.827098,107.696151,12,150,0,0,0,12:58:23,
10.827098,106.696151,13,145,-2.44,0,0,12:58:29,
10.827098,106.696151,13,145,-2.44,0,0,12:58:32,
10.827098,106.696151,13,145,-2.44,0,0,12:58:35,
10.827098,106.696151,13,145,-2.44,0,0,12:58:39,
10.827098,106.696151,13,145,-2.44,0,0,12:58:42,
10.827098,106.696151,13,144,-2.44,0,0,11:58:47,
10.827098,106.696151,13,145,-2.44,0,0,12:58:50,
10.827098,106.696151,13,145,-2.44,0,0,12:58:53,
10.827098,106.696151,13,145,-2.44,0,0,12:58:57,
10.827098,106.696151,13,145,-2.44,0,0,12:59:00,
10.827098,106.696151,13,100,-2.44,0,0,12:59:07,
10.827098,106.696151,13,145,-2.44,0,0,12:59:11,
10.827098,106.696151,13,145,-2.44,0,0,12:59:14,
10.827098,106.696151,13,145,-3.44,0,0,12:59:09,
10.827098,106.696151,13,145,-2.44,0,0,12:59:22,
10.827098,107.696151,13,146,-2.44,0,0,12:59:26,
10.827098,106.696151,13,146,-2.44,0,0,12:59:30,
10.827098,106.696151,13,146,-2.44,0,0,12:59:35,
10.827098,106.696151,13,146,-2.44,0,0,12:59:44,
10.827098,106.696151,13,146,-2.44,0,0,12:59:47,
10.827098,106.696151,13,146,-2.44,0,0,12:59:50,
10.827098,106.696151,13,146,-2.44,0,0,12:59:57,
10.827098,106.696151,13,146,-2.44,0,0,13:00:01,
10.827098,106.696151,13,146,-2.44,0,0,13:00:05,
10.827098,106.696151,13,146,-2.44,0,0,13:00:09,
10.827098,106.696151,13,146,-2.44,0,0,13:00:13,
10.827098,106.696151,13,146,-2.44,0,0,13:00:17,
10.827098,106.696151,13,146,-2.44,0,0,13:00:20,
10.827098,106.696151,13,146,-2.44,0,0,13:00:23,
10.827098,106.696151,13,147,-2.44,0,0,13:00:26,
10.827026,106.69622,13,147,-1.2,0,0,13:00:34,
10.827009,106.696235,13,147,-1.09,0,0,13:00:38,
10.827002,106.696235,13,147,-1,0,0,13:00:41,
10.826999,106.69625,13,147,-0.89,0,0,13:00:45,
10.826999,106.69625,13,147,-0.89,0,0,13:00:48,
10.826986,106.696281,13,147,-0.7,0,0,13:00:52,
10.826985,106.696289,13,147,-0.59,0,0,13:00:56,
10.826992,106.696281,13,147,-0.52,0,0,13:00:59,
10.826992,106.696281,13,147,-0.52,0,0,13:01:02,
10.826992,106.696281,12,153,-0.52,0,0,13:01:09,
10.826992,106.696281,12,153,-0.52,0,0,13:01:13,
10.826992,106.696281,12,153,-0.52,0,0,13:01:17,
10.826992,106.696281,12,153,-0.52,0,0,13:01:23,
10.826992,106.696281,13,147,-0.52,0,0,13:01:28,
10.826992,106.696281,13,147,-0.52,0,0,13:01:31,
10.826992,106.696281,13,147,-0.52,0,0,13:01:41,
10.826992,106.696281,13,147,-0.52,0,0,13:01:45,
10.826992,106.696281,13,147,-0.52,0,0,13:01:49,
10.826992,106.696281,13,147,-0.52,0,0,13:01:52,
10.826992,106.696281,13,147,-0.52,0,0,13:01:56,
10.826825,106.696281,12,149,0,0,0,13:02:00,
10.826992,106.696281,12,149,-0.52,0,0,13:02:03,
10.826992,106.696281,12,149,-0.52,0,0,13:02:07,
10.826992,106.696281,12,149,-0.52,0,0,13:02:10,
10.827,106.696296,12,149,0.05,0,0,13:02:13,
10.826995,106.696311,12,149,0.44,0,0,13:02:16,
10.826998,106.696304,12,149,0.69,0,0,13:02:19,
10.826998,106.696304,12,149,0.69,0,0,13:02:22,
10.826998,106.696304,12,149,0.69,0,0,13:02:26,
10.826998,106.696304,12,150,0.69,0,0,13:02:29,
10.826998,106.696304,13,148,0.69,0,0,13:02:32,
0.826998,106.696304,13,148,0.69,0,0,13:02:35,
10.82699,106.696319,13,148,1.02,0,0,13:02:39,
10.826987,106.696327,13,148,1.05,0,0,13:02:42,
10.826987,106.696327,13,148,1.05,0,0,13:02:46,
10.826966,106.69635,13,148,1.08,0,0,13:02:51,
10.826963,106.696372,13,148,1.16,0,0,13:02:59,
10.826977,6.696374,13,148,1.14,0,0,14:03:02,
10.826984,106.69638,13,148,1.03,0,0,13:03:05,
10.828644,106.696388,13,148,1.11,0,0,13:03:08,
10.826978,106.696388,13,148,1,0,0,13:03:01,
10.826978,106.696388,13,148,1.1,0,0,13:03:14,
10.826978,106.696388,12,168,1.1,0,0,13:03:17,
10.826978,106.696388,12,100,1.1,0,0,13:03:21,
10.826978,106.696388,12,168,1.1,0,0,13:03:26,
10.826978,106.696388,12,168,1.1,0,0,13:03:29,
10.826978,106.696388,12,168,1.1,0,0,13:03:34,
10.826978,106.696388,12,168,1.1,0,0,13:03:37,
10.826978,106.696388,12,168,1.1,0,0,13:03:40,
10.826978,106.696388,12,168,1.1,0,0,13:03:49,
10.826978,106.696388,12,168,1.1,0,0,13:03:53,
10.827068,106.696365,12,168,1.17,0,0,13:03:58,
10.827113,106.696372,12,168,1.14,0,0,13:04:02,
10.827113,106.696372,12,168,1.14,0,0,13:04:05,
10.827259,106.696334,12,168,0.82,0,0,13:04:12,
10.827268,106.696327,12,168,0.87,0,0,13:04:15,
10.827268,106.696334,12,168,0.9,0,0,13:04:18,
10.827268,106.696334,12,168,0.9,0,0,13:04:21,
10.827268,106.696334,12,168,0.9,0,0,13:04:24,
10.827268,106.696334,12,168,0.9,0,0,13:04:28,
10.827268,106.696334,11,171,0.9,0,0,13:04:32,
10.810601,106.696334,11,171,0.9,0,0,13:04:35,
10.827363,106.696304,11,171,0.79,0,0,13:04:40,
10.82737,106.696304,12,153,0.76,0,0,13:04:44,
10.82737,106.696304,12,152,0.76,0,0,13:04:47,
0.82737,106.696304,12,153,0.76,0,0,13:04:50,
10.82737,106.696304,12,153,0.76,0,0,13:04:55,
10.82737,106.696304,12,153,0.76,0,0,13:04:58,
10.82737,106.696304,12,153,0.76,0,0,13:05:01,
10.82737,106.696304,12,153,0.76,0,0,13:05:04,
10.82737,106.696304,13,148,0.76,0,0,13:05:08,
10.82737,106.696304,13,148,0.76,0,0,13:05:14,
10.82737,106.696304,13,148,0.76,0,0,13:05:20,
0.82737,106.696304,13,148,0.76,0,0,13:05:23,
10.827443,106.696357,13,148,0.96,0,0,13:05:26,
10.827447,106.696357,13,148,0.9,0,0,13:05:30,
10.827447,106.696357,13,148,0.9,0,0,13:05:34,
10.827447,106.696357,13,148,0.9,0,0,13:05:38,
10.810788,106.69638,13,149,0.95,0,0,13:05:42,
10.827456,106.696388,13,149,0.94,0,0,13:05:45,
10.827456,106.696388,13,149,0.93,0,0,13:05:48,
10.827456,106.696388,13,149,0.93,0,0,13:05:53,
10.827456,106.696388,13,149,0.94,0,0,13:05:58,
10.827456,106.696388,13,149,0.93,0,0,13:06:01,
10.827456,106.696388,13,149,0.93,0,0,13:06:07,
10.827456,106.696388,13,149,0.93,0,0,13:06:10,
10.827456,106.696388,13,149,0.93,0,0,13:06:13,
10.827456,106.696388,13,149,0.93,0,0,13:06:17,
10.827456,106.696388,13,149,0.93,0,0,13:06:21,
10.827456,106.696388,13,149,0.93,0,0,13:06:24,
10.827456,106.696388,13,149,0.93,0,0,13:06:37,
10.81079,106.696388,12,151,0.93,0,0,13:06:30,
10.827456,106.696388,12,151,0.93,0,0,13:06:34,
10.827456,106.696388,12,151,0.93,0,0,13:06:41,
10.827456,106.696388,12,151,0.93,0,0,13:06:46,
10.827456,106.696388,12,151,0.93,0,0,13:06:49,
0.827456,106.696388,12,151,0.93,0,0,13:06:52,
10.827456,106.696388,12,141,0.93,0,0,13:06:55,
10.827456,106.696388,12,151,0.93,0,0,13:06:58,
10.827456,106.696388,12,151,0.93,0,0,13:07:01,
10.827456,106.696388,12,151,0.93,0,0,13:07:09,
10.827456,106.696388,13,149,0.93,0,0,13:07:12,
10.827456,106.696388,13,149,0.93,0,0,13:07:15,
10.827456,106.696388,13,149,0.93,0,0,13:07:18,
10.827456,106.696388,13,149,0.93,0,0,13:07:25,
10.827456,106.696388,13,149,0.93,0,0,13:07:28,
10.827456,106.696388,13,149,0.93,0,0,13:07:32,
10.827478,106.696434,13,149,1.29,0,0,13:07:37,
10.827479,106.696434,13,149,1.25,0,0,13:07:43,
10.827479,106.696434,13,149,1.25,0,0,13:07:46,
10.827479,106.696434,13,149,1.25,0,0,13:07:50,
10.827479,106.696434,13,149,1.25,0,0,13:07:53,
10.827479,106.696434,13,149,1.25,0,0,13:07:56,
10.827479,106.696434,13,149,1.25,0,0,13:07:59,
10.827479,106.696434,13,149,1.25,0,0,13:08:02,
10.827479,106.696434,13,149,1.25,0,0,13:08:06,
10.827479,106.696434,13,149,1.25,0,0,13:08:09,
10.827479,106.696434,13,149,1.25,0,0,13:08:15,
10.827479,106.696434,13,149,1.25,0,0,13:08:18,
10.827479,106.679763,13,149,1.25,0,0,13:08:23,
10.827479,106.696434,13,149,1.25,0,0,13:08:26,
10.827479,106.696434,13,149,1.25,0,0,13:08:29,
10.827479,106.696434,12,167,1.25,0,0,13:08:34,
10.827479,106.696434,12,167,1.25,0,0,13:08:37,
10.827479,106.696434,12,167,1.25,0,0,13:08:40,
10.827479,106.696434,12,166,1.25,0,0,13:08:46,
10.827479,106.696434,13,149,1.25,0,0,13:08:50,
10.827479,106.696434,14,138,1.25,0,0,13:08:54,
10.827561,106.696388,14,138,0.74,0,0,13:08:57,
10.827581,106.696411,14,138,0.36,0,0,13:09:02,
10.827577,106.696411,14,138,-0.19,0,0,13:09:06,
10.827596,106.69638,14,138,-1,0,0,13:09:10,
10.827597,6.696366,14,138,-2.36,0,0,14:09:15,
10.827606,106.696357,14,138,-3.11,0,0,13:09:19,
10.827639,106.696296,13,140,-3.63,0,0,13:09:26,
10.827641,106.696273,13,140,-3.74,0,0,13:09:30,
10.827641,106.69625,14,138,-3.69,0,0,13:09:34,
10.82763,106.696228,13,141,-3.51,0,0,13:09:40,
10.827615,106.69622,13,141,-3.47,0,0,13:09:43,
10.827615,106.69622,13,141,-3.47,0,0,13:09:50,
10.827615,106.69622,13,141,-3.47,0,0,13:09:54,
10.827615,106.69622,13,141,-3.47,0,0,13:09:58,
10.827615,106.69622,12,154,-3.47,0,0,13:10:15,
10.827615,106.69622,12,154,-3.47,0,0,13:10:21,
10.810948,106.69622,12,154,-3.47,0,0,13:00:27,
10.827615,106.69622,13,149,-3.47,0,0,13:10:31,
10.827615,106.69622,14,138,-3.47,0,0,13:10:34,
10.827615,106.69622,13,149,-3.47,0,0,13:10:41,
10.827631,106.69622,4,138,-3.47,0,0,13:10:44,
10.827615,106.69622,14,138,-3.47,0,0,13:10:48,
10.827615,106.69622,14,138,-3.47,0,0,13:10:52,
10.827615,106.69622,14,138,-3.47,0,0,13:10:55,
10.827634,106.696197,14,138,-2.3,0,0,13:11:01,
10.827634,106.696197,14,138,-2.26,0,0,13:11:05,
10.827634,106.696197,14,138,-2.26,0,0,13:11:08,
10.827634,106.696197,13,144,-2.26,0,0,13:11:13,
10.827634,106.696197,13,144,-2.26,0,0,13:11:16,
0.827634,106.696197,14,138,-2.26,0,0,13:11:19,
10.827634,6.696199,14,138,-2.26,0,0,14:11:24,
10.827634,106.696197,14,138,-2.26,0,0,13:11:27,
10.827634,106.696197,14,138,-2.26,0,0,13:11:30,
10.827634,106.696197,14,138,-2.26,0,0,13:11:35,
10.827614,106.69622,13,148,-0.87,0,0,13:11:38,
10.827604,106.696228,13,148,-0.27,0,0,13:11:41,
10.827621,106.696243,13,148,0.34,0,0,13:11:45,
10.827607,106.696243,13,148,0.16,0,0,13:11:49,
10.827607,106.696243,13,148,0.16,0,0,13:11:55,
10.827607,106.696243,13,148,0.16,0,0,13:11:58,
10.827607,106.696243,13,148,0.16,0,0,13:12:01,
10.827586,106.696281,13,148,1.67,0,0,13:12:05,
10.827572,106.696281,13,148,2.53,0,0,13:12:10,
10.827562,106.683334,13,148,3.09,0,0,13:12:13,
10.827564,106.696311,13,148,3.8,0,0,13:12:17,
10.827567,106.696327,12,152,4.27,0,0,13:12:20,
10.827567,106.696327,11,158,4.27,0,0,13:12:28,
10.827567,106.696327,12,143,4.27,0,0,13:12:31,
10.827567,106.696327,12,143,4.27,0,0,13:12:34,
10.827567,106.696327,12,100,4.27,0,0,13:12:37,
10.827576,106.696365,12,143,5.49,0,0,13:12:40,
10.827572,106.696395,13,141,5.65,0,0,13:12:46,
10.827574,106.696403,12,144,5.78,0,0,13:12:49,
10.827579,106.696411,12,144,5.9,0,0,13:12:52,
10.827578,107.696418,12,142,7.02,0,0,13:12:55,
10.827567,106.696434,13,141,6.33,0,0,13:13:00,
10.827576,106.696441,13,141,6.55,0,0,13:13:04,
10.827576,106.696441,12,142,6.55,0,0,13:13:13,
10.827576,106.696441,12,142,6.55,0,0,13:13:16,
10.827589,106.696449,13,140,6.77,0,0,13:13:24,
10.827572,106.683334,13,140,6.76,0,0,13:13:28,
10.827589,106.696456,13,140,6.76,0,0,13:13:31,
10.827589,106.696456,13,140,6.76,0,0,13:13:35,
10.827589,106.696456,14,138,6.76,0,0,13:13:41,
10.827589,106.696456,14,137,6.76,0,0,13:13:45,
10.827589,106.696456,14,137,6.76,0,0,13:13:48,
10.827589,106.696456,14,138,6.76,0,0,13:13:51,
10.827589,106.696456,14,136,6.76,0,0,13:13:54,
10.827589,106.696456,14,136,6.76,0,0,13:13:59,
10.827589,106.696456,14,137,6.76,0,0,13:14:05,
10.827589,106.696456,13,141,6.76,0,0,13:14:13,
10.827589,106.696456,13,140,6.76,0,0,13:14:16,
10.827589,106.696456,13,140,6.76,0,0,13:14:20,
10.827589,106.696456,13,141,6.76,0,0,13:14:23,
10.827589,106.696456,13,141,6.76,0,0,13:14:26,
10.827589,106.696456,13,140,6.76,0,0,13:14:31,
10.827589,106.696456,13,140,6.76,0,0,13:14:36,
10.827589,106.696456,13,140,6.76,0,0,13:14:40,
10.827589,106.696456,13,140,6.76,0,0,13:14:43,
10.827589,106.696456,13,140,6.76,0,0,13:14:49,
10.827589,106.696456,13,140,6.76,0,0,13:14:53,
10.827589,106.696456,13,140,6.76,0,0,13:14:56,
10.827545,106.696449,13,140,6.9,0,0,13:15:00,
10.827534,107.696449,13,140,7.98,0,0,13:15:03,
10.827522,6.696435,13,140,7.13,0,0,13:15:09,
10.827522,106.696434,13,140,7.13,0,0,13:15:12,
10.827522,106.679771,13,140,7.03,0,0,13:15:14,
10.827522,106.696434,13,140,7.13,0,0,13:15:19,
10.827522,106.696434,13,140,7.13,0,0,13:15:23,
10.827522,106.696434,13,140,7.13,0,0,13:15:26,
10.827522,106.696434,13,140,7.13,0,0,13:15:30,
10.827522,106.696434,13,140,7.13,0,0,13:15:33,
10.827522,106.696434,13,140,7.13,0,0,13:15:36,
10.827522,106.696434,13,140,7.13,0,0,13:15:39,
10.827522,106.696434,13,140,7.13,0,0,13:15:42,
10.827502,106.696403,13,140,7.7,0,0,13:15:45,
10.827498,106.696395,13,140,7.69,0,0,13:14:48,
10.827498,106.696395,13,140,7.69,0,0,14:15:52,
10.827498,106.696395,13,140,7.69,0,0,13:15:55,
10.827498,106.696395,13,140,7.69,0,0,13:15:58,
10.827498,106.696395,13,140,7.69,0,0,13:16:02,
10.827498,106.696395,13,140,7.69,0,0,13:16:05,
10.827498,106.696395,13,140,7.69,0,0,13:16:09,
10.827496,106.696365,13,140,8.59,0,0,13:16:12,
10.827499,106.696365,13,140,8.7,0,0,13:16:15,
10.827499,106.696365,13,140,8.7,0,0,13:16:18,
10.827499,106.696365,13,140,8,0,0,13:16:31,
10.827499,106.696365,13,140,8.7,0,0,13:16:24,
10.827499,106.696365,13,140,8.7,0,0,13:16:27,
10.827499,106.696365,13,140,8.7,0,0,13:16:30,
10.827499,106.696365,13,140,8.7,0,0,13:16:33,
10.827499,106.696365,13,140,8.7,0,0,13:16:36,
10.827499,106.69638,13,140,8.7,0,0,13:16:39,
10.827499,106.696365,13,140,8.7,0,0,13:16:42,
10.827499,106.696365,13,140,8.7,0,0,13:16:45,
10.827499,106.696365,13,140,8,0,0,13:16:42,
10.827499,106.696365,13,140,8.7,0,0,13:16:55,
10.827499,106.696365,13,140,8.7,0,0,13:16:59,
10.827499,106.696365,13,140,8.7,0,0,13:17:02,
10.827499,106.696365,13,140,8.7,0,0,13:17:06,
10.827499,106.696365,13,140,8.7,0,0,13:17:12,
10.829165,106.696365,13,140,8.7,0,0,13:17:15,
10.827499,106.696365,13,140,8.7,0,0,13:17:18,
10.827499,106.696365,13,140,8.7,0,0,13:17:21,
10.827499,106.696365,13,140,8.7,0,0,13:17:24,
10.827499,106.696365,13,140,8.7,0,0,13:17:31,
10.827499,106.696365,13,139,8.7,0,0,13:17:38,
10.827499,106.696365,13,139,8.7,0,0,13:17:45,
10.827493,106.69635,13,139,8.8,0,0,13:17:48,
10.827502,106.69635,13,152,8.79,0,0,13:17:52,
10.827502,106.69635,13,139,8.79,0,0,13:17:55,
10.827496,106.696334,13,139,8.76,0,0,13:17:58,
10.827491,106.696327,13,139,8.71,0,0,13:18:01,
10.8275,106.696319,13,139,8.64,0,0,13:18:04,
10.827506,106.696319,11,157,8.64,0,0,13:18:07,
10.827506,106.696304,11,157,8.64,0,0,13:18:10,
10.827506,106.696319,11,157,8.64,0,0,13:18:14,
10.827506,106.696319,11,157,8.64,0,0,13:18:18,
10.827506,106.696319,11,157,8.64,0,0,13:18:23,
10.827507,106.696319,10,157,8.64,0,0,13:18:26,
10.827497,106.696319,11,157,8.99,0,0,13:18:31,
10.827498,106.696327,11,157,8.93,0,0,13:18:35,
10.827498,106.696327,11,157,8.93,0,0,13:18:38,
10.827498,106.696327,11,155,8.93,0,0,13:18:42,
10.827498,106.696327,11,155,8.93,0,0,13:18:45,
10.827498,106.696327,11,155,8.93,0,0,13:18:52,
10.827498,106.696311,11,155,8.93,0,0,13:18:56,
10.827354,106.696372,12,142,9.36,0,0,13:19:02,
10.827519,106.696395,12,142,9.52,0,0,13:19:05,
10.827516,106.69638,12,142,9.44,0,0,13:19:08,
10.827517,106.69638,12,142,9.57,0,0,13:19:11,
10.827517,106.69638,12,142,9.56,0,0,13:19:15,
10.827517,106.69638,12,142,9.56,0,0,13:19:22,
0.827516,106.69638,12,142,9.56,0,0,13:19:27,
10.827517,106.69638,12,142,9.56,0,0,13:19:31,
10.827517,106.69638,12,142,9.56,0,0,13:19:41,
10.827517,106.69638,12,142,9.56,0,0,13:19:44,
10.827517,107.69638,12,141,8.56,0,0,13:19:47,
10.827517,106.69638,12,141,9.56,0,0,13:19:50,
10.827517,106.69638,12,141,9.56,0,0,13:19:53,
10.827576,106.696411,13,138,9.45,0,0,13:19:56,
10.827575,6.696412,13,138,9.48,0,0,13:19:59,
10.827575,106.696411,13,138,9.48,0,0,13:20:03,
10.827575,106.696411,13,138,8.48,0,0,13:30:06,
10.827575,106.683334,13,138,9.48,0,0,13:20:11,
10.827575,106.696411,13,138,9.48,0,0,13:20:14,
10.827575,106.696411,13,138,9.48,0,0,13:20:17,
10.827575,106.696411,13,138,9.48,0,0,13:20:21,
10.827543,106.696395,13,138,10.19,0,0,13:20:24,
10.82754,106.696388,12,182,10.23,0,0,13:20:29,
10.827521,106.69638,12,182,10.27,0,0,13:20:32,
10.827493,106.696365,11,200,10.42,0,0,13:20:40,
10.827492,106.696365,12,182,10.43,0,0,13:20:44,
10.827489,106.696372,13,182,10.44,0,0,13:20:49,
10.827495,106.696365,13,138,10.45,0,0,13:20:53,
10.827495,106.696365,13,138,10.45,0,0,13:20:56,
10.827495,106.696365,11,214,10.45,0,0,13:20:59,
10.827495,106.696365,12,149,10.45,0,0,13:21:05,
10.827495,106.696365,12,149,10.45,0,0,13:21:08,
10.827545,106.696334,12,100,10.73,0,0,13:21:13,
10.827546,106.696334,12,149,10.71,0,0,13:21:16,
10.827546,106.696334,12,149,10.71,0,0,13:21:19,
10.827546,106.696334,12,149,10.71,0,0,13:21:23,
10.827546,106.696334,12,149,10.71,0,0,13:21:27,
10.827546,106.696334,13,138,10.71,0,0,13:21:32,
10.827546,106.696334,13,138,10.71,0,0,13:21:36,
10.827546,106.696334,13,138,10.71,0,0,13:21:39,
10.827379,106.679672,13,138,10.71,0,0,13:21:43,
10.827546,106.696334,13,138,10.71,0,0,13:21:45,
10.827546,106.696334,13,138,10.71,0,0,13:20:48,
10.827546,106.696334,13,138,10.71,0,0,14:21:52,
10.827546,106.696334,13,138,10.71,0,0,13:21:56,
10.827546,106.696334,13,138,10.71,0,0,13:22:00,
10.827546,106.696334,13,138,10.71,0,0,13:22:03,
10.827546,106.696334,13,138,10.71,0,0,13:22:08,
10.827546,106.696334,13,138,10.71,0,0,13:22:11,
10.827546,106.696334,13,138,10.71,0,0,13:22:15,
10.827546,106.696334,13,138,10.71,0,0,13:22:19,
10.827546,106.696334,13,138,10.71,0,0,13:22:24,
10.827546,106.696334,3,138,10.71,0,0,13:22:29,
10.816667,106.696334,13,138,10.71,0,0,13:22:32,
10.827546,106.696334,13,138,10.71,0,0,13:22:39,
10.827546,106.696334,13,137,10.71,0,0,13:22:42,
10.827546,106.696334,13,137,10.71,0,0,13:22:47,
10.827546,6.696336,13,137,10.71,0,0,13:32:50,
10.827546,106.696334,13,137,10.71,0,0,13:22:53,
10.827546,106.696334,13,100,10.71,0,0,13:22:56,
10.827546,106.696334,13,137,10.71,0,0,13:23:00,
10.827546,106.696334,13,137,10.71,0,0,13:23:03,
10.827546,106.696334,12,141,10.71,0,0,13:23:08,
10.827546,106.696334,12,140,10.71,0,0,13:23:12,
10.827546,106.696334,13,140,10.71,0,0,13:23:16,
10.827546,106.696334,13,137,10.71,0,0,13:23:23,
10.827546,106.696334,13,137,10.71,0,0,13:23:26,
10.827546,106.696334,13,137,10.71,0,0,13:23:30,
10.827546,106.696334,13,137,10.71,0,0,13:23:34,
10.827546,106.696334,12,137,10.71,0,0,13:23:38,
10.827546,106.696334,13,137,10.7,0,0,13:23:41,
10.827546,106.696334,12,137,10.71,0,0,13:23:45,
10.827546,106.696334,12,137,10.71,0,0,13:23:48,
10.827546,106.696334,12,137,10.71,0,0,13:23:51,
10.827546,106.696334,12,137,10.71,0,0,13:23:54,
10.827546,106.696334,13,137,10.71,0,0,13:23:58,
10.827546,106.696334,13,136,10.71,0,0,13:24:05,
10.827546,106.696334,13,136,10.71,0,0,13:24:09,
10.827546,106.696334,12,186,0.71,0,0,13:24:14,
10.827546,106.696334,12,186,10.71,0,0,13:24:17,
10.827546,106.696334,12,186,10.71,0,0,13:24:20,
10.827546,106.696334,12,186,10.71,0,0,13:24:23,
10.827546,106.696334,12,186,10.71,0,0,13:24:27,
10.827546,106.696334,12,186,10.71,0,0,13:24:30,
10.827546,106.696334,12,186,10.71,0,0,13:24:33,
10.827546,106.696334,12,186,10.71,0,0,13:24:36,
10.827546,106.696334,12,186,10.71,0,0,13:24:40,
10.827546,106.696334,13,136,10.71,0,0,13:24:45,
10.827546,106.696334,13,136,10.71,0,0,13:24:50,
10.827629,106.696258,13,136,11.45,0,0,13:24:55,
10.829296,106.696258,13,136,11.45,0,0,13:24:48,
10.827629,106.696258,13,136,11.45,0,0,13:25:01,
10.827629,106.696258,13,136,11.45,0,0,13:25:07,
10.827629,106.696258,13,136,11.45,0,0,13:25:11,
10.827629,106.696258,13,135,11.45,0,0,13:25:15,
10.827629,106.696258,13,135,11.45,0,0,13:25:18,
10.829296,106.696258,13,135,11.45,0,0,13:25:32,
10.827629,106.696258,13,135,11.45,0,0,13:25:25,
10.827629,106.696258,13,135,11.45,0,0,13:25:29,
10.827463,106.696258,13,135,11.45,0,0,13:25:33,
10.827629,106.696258,13,135,11.45,0,0,13:25:36,
10.827629,106.696258,13,135,11.45,0,0,13:25:40,
10.827629,106.696258,13,135,11.45,0,0,13:25:45,
10.827629,106.696258,13,135,11.45,0,0,13:25:51,
10.827629,106.696258,12,141,11.45,0,0,13:25:55,
10.810962,106.696258,11,149,1.45,0,0,13:25:59,
10.827629,106.696258,11,149,11.45,0,0,13:26:02,
10.827629,106.696258,11,148,11.45,0,0,14:26:07,
10.827629,106.696258,11,100,11.45,0,0,13:26:12,
10.827629,106.696258,11,100,11.45,0,0,13:26:16,
10.827629,106.696258,13,135,11.45,0,0,13:26:22,
10.827629,106.696258,13,134,11.45,0,0,13:26:25,
10.827629,106.696258,13,134,11.45,0,0,13:26:28,
10.827629,106.696258,13,134,11.45,0,0,13:26:32,
10.827629,106.696258,13,134,11.45,0,0,13:26:35,
10.827629,106.696258,13,134,11.45,0,0,13:26:39,
10.827629,106.696258,13,134,11.45,0,0,13:26:42,
10.827629,106.696258,13,134,11.45,0,0,13:26:45,
0.827628,106.696258,13,134,11.45,0,0,13:26:48,
10.827629,106.696258,13,134,11.45,0,0,13:26:56,
10.827463,106.696258,13,134,11.45,0,0,13:26:59,
10.827629,106.696243,13,134,11.45,0,0,13:27:03,
10.827629,106.696258,13,134,11.45,0,0,13:27:07,
10.827629,106.696258,13,134,11.45,0,0,13:27:10,
10.827629,106.696258,13,134,11.45,0,0,13:27:14,
10.827629,106.696258,13,134,11.45,0,0,13:27:17,
10.827629,106.696258,13,134,11.45,0,0,13:27:20,
10.827629,106.696258,13,134,11.45,0,0,13:27:23,
10.827629,106.683334,13,134,11.44,0,0,13:27:26,
10.827629,106.696258,13,134,11.45,0,0,13:27:30,
10.827629,106.696258,13,134,11.45,0,0,13:27:33,
10.827629,106.696258,13,134,11.45,0,0,13:27:42,
10.827629,106.696258,12,140,11.45,0,0,13:27:48,
10.827629,106.683334,11,144,11.44,0,0,13:27:51,
0.827628,106.696258,11,143,11.45,0,0,13:27:54,
10.827629,106.696258,11,143,11.45,0,0,13:27:57,
10.827629,106.696258,11,143,11.45,0,0,13:28:06,
10.827629,106.696258,10,144,11.45,0,0,13:28:11,
10.827629,106.696258,10,144,11.45,0,0,13:28:14,
10.827629,106.696258,10,144,11.45,0,0,13:28:17,
10.827629,106.696258,10,144,11.45,0,0,13:28:20,
10.827629,106.696258,11,143,11.45,0,0,13:28:25,
10.827629,106.696258,11,143,11.45,0,0,13:28:29,
10.827629,106.696258,1,143,11.45,0,0,13:28:35,
10.827629,106.696258,12,140,11.45,0,0,13:28:38,
10.827629,106.696258,13,133,11.45,0,0,13:28:41,
10.827629,106.696258,13,133,11.45,0,0,13:28:48,
10.827629,106.696258,13,133,1.45,0,0,13:38:52,
10.827629,106.696258,13,133,11.45,0,0,13:38:55,
10.827629,106.696258,13,133,11.45,0,0,13:28:58,
10.827629,107.696258,13,133,1.45,0,0,13:29:01,
10.827629,106.696258,12,137,11.45,0,0,13:29:06,
10.827629,106.696258,12,137,11.45,0,0,13:39:13,
10.827629,106.696258,12,137,11.45,0,0,13:29:18,
10.827629,106.696258,2,137,11.45,0,0,13:29:21,
10.827629,106.696258,12,137,11.45,0,0,13:29:26,
10.827629,106.696258,12,137,11.45,0,0,13:29:29,
10.827629,106.683334,12,137,11.44,0,0,13:29:32,
10.827629,106.683334,12,137,11.44,0,0,13:29:36,
10.827629,106.696258,13,132,11.45,0,0,13:29:43,
10.827629,106.696258,12,137,11.45,0,0,13:29:46,
10.827655,106.696212,12,137,10.23,0,0,13:29:51,
10.827655,106.696212,13,132,10,0,0,13:29:57,
10.827655,106.696212,13,132,10.23,0,0,13:30:00,
10.827655,106.696212,12,136,10.23,0,0,13:30:04,
10.827655,106.696235,13,132,10.23,0,0,13:30:13,
10.827652,106.696266,13,132,10.28,0,0,13:30:16,
10.827659,106.696281,13,132,10.32,0,0,13:30:19,
10.827661,106.696281,13,132,10.32,0,0,13:30:22,
10.827661,106.696281,13,132,10.32,0,0,13:30:26,
10.827661,106.696281,13,132,10.32,0,0,13:30:29,
10.827662,106.696311,13,132,10.14,0,0,13:30:34,
10.827666,106.696334,13,132,10.07,0,0,13:30:39,
0.827674,106.696334,13,132,9.97,0,0,13:30:43,
0.827675,106.696334,13,131,9.95,0,0,13:30:46,
10.827674,106.696342,13,131,10.21,0,0,13:30:50,
10.827843,106.69635,13,131,10.43,0,0,13:30:56,
10.827677,106.69635,13,131,10.43,0,0,13:31:01,
10.827857,106.69635,13,131,10.25,0,0,13:31:04,
10.827691,106.696365,13,131,10.66,0,0,13:31:08,
10.827691,106.696372,13,131,10.75,0,0,13:31:13,
10.827691,106.696372,13,131,10.75,0,0,13:31:16,
10.827691,106.696372,13,131,10.75,0,0,13:31:19,
10.827691,106.696372,13,131,10.75,0,0,13:31:23,
10.827691,106.696372,13,131,10.75,0,0,13:31:27,
10.827691,106.696372,13,131,10.75,0,0,13:31:31,
10.827691,106.696372,13,131,10.75,0,0,13:31:34,
10.827691,106.696372,13,131,10.75,0,0,13:31:37,
10.827691,106.696372,13,131,10.75,0,0,13:31:40,
10.827709,106.696411,13,130,10.58,0,0,13:31:46,
10.827716,106.696411,13,130,10.52,0,0,13:31:49,
10.829384,106.696411,13,130,10.5,0,0,13:31:43,
10.827718,106.696411,13,130,10.5,0,0,13:31:57,
10.827718,106.696411,13,130,10.5,0,0,13:32:00,
10.827718,106.696411,13,130,10.5,0,0,13:32:03,
10.827718,106.696411,13,130,10.5,0,0,13:32:06,
10.827718,106.696411,13,130,10.5,0,0,13:32:09,
10.827718,106.696411,13,130,10.5,0,0,13:32:12,
10.827718,106.696411,12,135,0.5,0,0,13:32:17,
10.827718,106.696411,13,130,10.5,0,0,13:32:20,
10.827718,106.696411,13,130,10.5,0,0,13:32:23,
10.827718,106.696411,13,130,10.5,0,0,13:32:31,
10.827718,106.696411,13,130,10.5,0,0,13:32:35,
10.827718,107.696411,13,130,10.5,0,0,13:32:40,
10.827718,106.696411,13,130,10.5,0,0,13:32:44,
10.827718,106.696411,13,130,10.5,0,0,13:32:48,
10.827718,106.696411,13,130,10.5,0,0,13:32:55,
10.827718,106.696411,13,130,10.5,0,0,13:32:58,
10.827718,106.696411,13,130,10.5,0,0,13:33:01,
10.827718,106.696411,13,130,10.5,0,0,13:33:04,
10.827718,106.696411,13,100,10.5,0,0,13:33:07,
0.827717,106.696411,13,130,10.5,0,0,13:33:11,
10.827718,106.696411,13,130,10.5,0,0,13:33:14,
10.827718,106.696411,13,130,10.5,0,0,13:33:19,
10.827718,106.683334,13,130,10.5,0,0,13:33:22,
10.827718,106.696411,13,130,10.5,0,0,13:33:25,
10.827718,106.696411,13,130,10.5,0,0,13:33:28,
10.827718,106.696411,13,130,10.5,0,0,13:33:32,
10.827718,106.696411,13,130,10.5,0,0,13:33:36,
10.816667,107.696411,13,129,10.5,0,0,13:33:40,
10.827718,106.696411,13,130,10.5,0,0,13:33:43,
10.827718,106.696411,13,129,10.5,0,0,13:33:47,
10.827718,106.696411,13,129,10.5,0,0,13:33:50,
10.827718,106.696411,13,129,10.5,0,0,13:33:54,
10.827718,106.696411,13,129,10.5,0,0,13:34:00,
10.827718,106.696411,13,129,10.5,0,0,13:34:05,
10.827718,106.696411,13,129,10.5,0,0,13:34:10,
10.827718,106.696411,13,129,10.5,0,0,13:34:13,
10.827718,106.696411,13,129,10.5,0,0,13:34:22,
10.827884,106.696411,13,129,10,0,0,13:34:25,
10.827718,106.696411,13,129,10.5,0,0,13:34:28,
10.827718,106.696411,13,129,10.5,0,0,13:34:31,
10.827718,106.696411,13,129,10.5,0,0,13:34:36,
10.827718,106.696411,13,129,10.5,0,0,13:34:42,
10.827718,106.696411,13,128,10.5,0,0,13:34:46,
10.827718,106.696411,13,128,10.5,0,0,13:34:49,
10.827718,106.696411,13,128,10.5,0,0,13:34:53,
10.827718,106.696411,13,128,10.5,0,0,13:34:57,
10.827718,106.696411,12,134,10.5,0,0,13:35:01,
10.827718,106.696411,12,100,10.5,0,0,13:35:07,
10.827718,106.696411,12,134,10.5,0,0,13:35:10,
10.827718,106.696411,12,134,10.5,0,0,13:35:16,
10.827718,106.696411,12,134,10.5,0,0,13:35:21,
10.827718,106.696411,12,134,10.5,0,0,13:35:25,
10.827718,106.696411,12,134,10.5,0,0,13:35:28,
10.827718,106.67974,12,134,10.4,0,0,13:35:32,
10.827718,106.696411,12,133,10.5,0,0,13:35:35,
10.827718,106.696411,12,133,10.5,0,0,13:35:41,
10.827718,106.696411,12,133,10.5,0,0,13:35:47,
10.827718,106.696411,12,133,0.5,0,0,13:34:52,
10.827718,106.696411,12,133,10.5,0,0,13:35:56,
10.827718,106.696411,12,133,10.5,0,0,13:36:01,
10.827718,106.696411,13,127,0.5,0,0,13:36:05,
10.827718,106.683334,13,127,10.4,0,0,13:36:08,
10.827718,106.696411,13,127,10.5,0,0,13:36:12,
10.827718,106.696411,13,127,10.5,0,0,13:36:15,
10.827718,106.696411,11,191,10.5,0,0,13:36:21,
10.827718,106.696411,12,183,10.5,0,0,13:36:25,
10.827718,106.696411,12,183,10.5,0,0,13:36:28,
10.827718,106.696411,12,183,10.5,0,0,13:36:32,
10.827718,106.696411,12,183,10.5,0,0,13:36:35,
10.827718,106.696411,13,127,10.5,0,0,13:36:39,
10.827718,106.696411,13,127,10.5,0,0,13:36:43,
10.827718,106.696411,14,121,10.5,0,0,13:36:47,
10.827718,106.696411,14,121,10,0,0,13:36:53,
10.827718,106.696411,14,121,10.5,0,0,13:37:57,
10.827718,106.696411,14,121,10.5,0,0,13:37:02,
10.816667,106.696411,14,121,0.5,0,0,13:37:05,
10.827718,106.67974,13,123,10.4,0,0,13:37:09,
10.827718,106.696411,12,154,10.5,0,0,13:37:12,
10.811051,106.696411,12,154,10.5,0,0,13:37:15,
10.827718,106.696411,12,154,10.5,0,0,13:37:20,
10.827718,106.696411,12,153,10.5,0,0,13:37:25,
10.827718,106.696411,12,153,10.5,0,0,13:37:28,
10.827718,106.696411,12,153,10.5,0,0,14:37:33,
10.827718,106.696411,12,153,10.5,0,0,13:37:38,
10.827718,106.696411,12,153,10.5,0,0,13:37:41,
10.827718,106.696411,12,153,10.5,0,0,13:37:44,
10.827718,106.696411,13,123,10.5,0,0,13:37:48,
10.827718,106.696411,13,123,10.5,0,0,13:37:53,
10.827718,106.696411,13,122,10.5,0,0,13:37:56,
10.827718,106.696411,13,122,10.5,0,0,13:37:59,
10.827718,106.696411,14,120,10.5,0,0,13:38:03,
10.827718,106.696411,14,120,10.5,0,0,13:38:07,
10.827718,106.696411,14,120,10.5,0,0,13:38:10,
10.827718,106.696411,14,120,10.5,0,0,13:38:14,
10.827697,106.69638,14,120,11.06,0,0,13:38:19,
10.827693,106.679702,14,120,11,0,0,13:38:23,
10.827693,106.696372,14,120,11.43,0,0,13:38:29,
10.827693,106.696372,14,120,11.43,0,0,13:38:32,
10.827693,106.696372,14,120,11.43,0,0,13:38:37,
10.827693,106.696372,14,120,11.43,0,0,13:38:40,
10.827693,106.696372,14,120,11.43,0,0,13:38:44,
10.827693,106.696372,14,120,11.43,0,0,13:38:48,
10.827693,106.696372,14,120,11.43,0,0,13:38:51,
10.827693,107.696372,14,120,1.43,0,0,13:38:56,
10.827693,106.696372,14,120,11.43,0,0,13:39:03,
10.827693,106.696372,14,120,11.43,0,0,13:39:06,
10.827693,106.696372,14,120,11.43,0,0,13:39:09,
10.827693,106.696372,14,120,11.43,0,0,13:39:12,
10.827693,106.696372,14,120,11.43,0,0,13:39:15,
10.827693,106.696372,14,119,11.43,0,0,13:39:24,
10.827693,106.696372,14,119,11.43,0,0,13:39:27,
10.827693,106.696372,14,119,11.43,0,0,13:39:32,
10.827693,106.696372,14,119,11.43,0,0,13:39:35,
10.82786,106.679702,14,119,11.43,0,0,13:39:40,
10.827693,106.696372,15,114,11.43,0,0,13:39:50,
10.827693,106.696372,15,114,11.43,0,0,13:39:53,
10.827693,106.696372,15,114,11.43,0,0,13:39:59,
10.827693,106.696372,15,114,11.43,0,0,13:40:02,
10.827693,106.696372,15,114,11.43,0,0,13:40:06,
10.827677,106.679702,14,140,11.43,0,0,13:40:09,
10.827693,106.696372,14,140,11.43,0,0,13:40:14,
10.827693,106.696372,14,140,11.43,0,0,13:40:19,
10.827693,106.696372,14,140,11.43,0,0,13:40:23,
10.827693,106.696372,14,140,11.43,0,0,13:40:26,
10.82766,106.69638,14,140,13.01,0,0,13:40:29,
10.827652,106.69638,14,140,12.79,0,0,13:40:32,
10.82765,106.69638,14,140,12.72,0,0,13:40:35,
10.82765,106.69638,14,140,12.72,0,0,13:40:39,
10.82765,107.69638,14,139,13.72,0,0,13:40:45,
10.82765,6.696379,14,139,12.72,0,0,13:40:48,
10.82765,106.69638,14,139,12.72,0,0,13:40:52,
10.82765,106.69638,15,113,12.72,0,0,13:40:56,
10.82765,106.69638,15,113,12.72,0,0,13:41:01,
10.82765,106.69638,15,113,12.72,0,0,13:41:05,
10.82765,106.69638,15,113,12.72,0,0,13:41:12,
10.82765,106.69638,15,113,12.72,0,0,13:41:22,
10.810982,106.69638,15,113,12.72,0,0,13:41:25,
10.82765,106.69638,15,113,12.72,0,0,13:41:31,
10.82765,106.69638,15,113,12.72,0,0,13:41:35,
10.82765,106.69638,15,113,12.72,0,0,13:41:39,
10.82765,106.69638,15,113,12.72,0,0,13:41:43,
10.82765,106.69638,15,113,12.72,0,0,13:41:47,
10.82765,106.69638,15,113,12.72,0,0,13:41:51,
10.82765,106.69638,15,113,12.72,0,0,13:41:55,
10.82765,106.69638,15,113,12.72,0,0,13:42:00,
10.82765,106.69638,15,113,12.72,0,0,13:42:03,
10.82765,106.69638,15,113,12.72,0,0,13:42:06,
10.82765,106.69638,15,113,12.72,0,0,13:42:00,
10.82765,106.69638,15,113,12.72,0,0,13:42:15,
10.827582,106.696395,15,113,12.43,0,0,13:42:19,
10.827582,106.696395,15,113,12.43,0,0,13:42:24,
10.827582,106.696395,15,113,12.43,0,0,13:42:29,
10.827582,106.696395,15,113,12.43,0,0,13:42:32,
10.827582,106.696395,15,113,12.43,0,0,13:42:35,
10.827582,106.696395,15,113,12.43,0,0,13:43:39,
10.827582,106.696395,15,113,12.43,0,0,13:42:42,
10.827582,106.696395,15,112,12.43,0,0,13:42:48,
10.827582,106.696395,15,112,12.43,0,0,13:42:52,
10.827582,106.696395,15,100,12.43,0,0,13:42:55,
10.827582,106.696395,15,112,12.43,0,0,13:43:01,
0.827581,106.696395,15,100,12.43,0,0,13:43:06,
10.827582,106.696395,15,112,12.43,0,0,13:43:10,
10.827582,106.696395,15,112,12.43,0,0,13:43:14,
10.827582,106.696395,15,112,12.43,0,0,13:43:20,
10.827582,106.696395,15,112,12.43,0,0,13:43:24,
10.827582,106.696395,15,112,12.43,0,0,13:43:27,
10.827582,106.696395,15,112,12.43,0,0,13:43:32,
10.827582,106.696395,15,113,12.43,0,0,14:43:37,
10.827554,106.696441,14,115,12.34,0,0,13:43:43,
0.827553,106.696441,13,144,12.34,0,0,13:43:47,
10.827554,106.696441,13,144,12.34,0,0,13:43:50,
10.827554,106.696441,13,143,12.34,0,0,13:43:53,
10.827554,106.696441,13,119,12.34,0,0,13:43:58,
10.827554,106.696441,13,119,12.34,0,0,13:44:01,
10.827554,6.696441,13,120,12.34,0,0,13:44:04,
10.827554,106.696441,14,116,12.34,0,0,13:44:10,
10.827554,106.696441,14,136,12.34,0,0,13:44:13,
10.827554,106.696441,14,136,12.34,0,0,13:44:18,
10.827554,106.696441,14,136,12.34,0,0,13:44:22,
10.827554,106.696441,14,136,12.34,0,0,13:44:25,
10.827554,106.696441,14,136,12.34,0,0,13:44:28,
10.827554,106.696441,14,136,12.34,0,0,13:44:31,
10.827554,106.696441,14,136,12.34,0,0,13:44:34,
10.827554,106.696441,14,136,12.34,0,0,13:44:37,
10.827387,106.679771,14,136,12.34,0,0,13:44:40,
10.827554,106.696441,14,135,12.34,0,0,13:44:43,
10.827554,106.696441,14,135,12.34,0,0,13:44:47,
10.827554,106.696441,14,135,12.34,0,0,13:44:52,
10.827554,106.696441,14,135,12.34,0,0,13:44:57,
10.827554,106.696456,14,35,12.34,0,0,13:45:00,
10.827554,106.696441,14,135,12.34,0,0,13:45:05,
10.827554,6.696441,14,135,12.34,0,0,14:45:08,
10.827558,106.696434,14,135,12.93,0,0,13:45:12,
10.827558,106.696434,14,135,12.93,0,0,13:45:18,
10.827558,106.696434,14,135,12.93,0,0,13:45:21,
10.827558,106.696434,14,135,12.93,0,0,13:45:25,
0.827558,106.696434,14,135,12.93,0,0,13:45:28,
10.827558,106.696434,14,135,12.93,0,0,13:45:32,
10.827558,106.696434,14,135,12.93,0,0,13:45:39,
10.827558,106.696434,14,117,12.93,0,0,13:45:43,
10.827558,106.696434,14,117,12.93,0,0,13:45:47,
10.827558,106.696434,14,100,12.93,0,0,13:45:52,
10.827558,106.696434,14,117,12.93,0,0,13:45:55,
10.827558,106.696434,14,117,12.93,0,0,13:46:00,
10.827558,106.696434,14,117,12.93,0,0,13:46:03,
10.827558,106.696434,14,117,12.93,0,0,13:46:06,
10.827558,107.696434,14,117,2.93,0,0,13:46:10,
10.827558,106.683334,14,117,12.93,0,0,13:46:13,
10.827558,106.696434,14,117,12.93,0,0,13:46:16,
10.829225,106.696434,14,117,12.93,0,0,13:46:32,
10.827558,106.696434,14,107,12.93,0,0,13:46:25,
10.810892,106.696434,14,117,12.93,0,0,13:46:31,
10.827558,106.696434,14,117,12.93,0,0,13:46:34,
10.827558,106.696434,14,117,12.93,0,0,13:46:38,
10.827558,106.696434,15,110,12.93,0,0,13:46:43,
10.827558,106.696434,15,110,12.93,0,0,13:46:51,
10.827558,106.696434,15,110,12.93,0,0,13:46:54,
10.827558,106.696434,15,110,12.93,0,0,13:46:58,
10.827558,106.696434,15,110,12.93,0,0,13:47:01,
10.827558,106.696434,14,115,12.93,0,0,13:47:04,
10.827558,106.696434,14,115,12.93,0,0,13:47:08,
10.827558,106.696434,14,115,12.93,0,0,13:47:11,
10.827558,106.696434,14,115,12.93,0,0,13:47:15,
10.827558,106.696434,14,115,12.93,0,0,13:47:19,
10.827558,106.696434,14,115,12.93,0,0,13:47:23,
10.827558,106.696434,13,138,12.93,0,0,13:47:27,
10.827558,106.696434,13,138,12.93,0,0,13:47:31,
10.827558,107.696434,13,138,2.93,0,0,13:47:34,
10.827558,106.696434,13,138,12.93,0,0,13:47:38,
10.827558,106.696434,13,138,2.93,0,0,13:47:47,
10.827558,106.696434,13,137,12.93,0,0,13:47:52,
10.827558,106.696434,14,114,12.93,0,0,13:47:58,
10.827558,6.696433,14,114,12.93,0,0,13:48:01,
10.827558,106.696434,14,114,12.93,0,0,13:48:04,
10.827558,106.696434,14,114,12.93,0,0,13:48:07,
10.827558,106.696434,14,114,12.93,0,0,13:48:10,
10.827558,106.696434,14,114,13.93,0,0,13:48:03,
10.827558,106.696434,14,114,12.93,0,0,13:48:16,
10.827558,106.696434,14,114,12.93,0,0,13:48:22,
10.827558,106.696434,15,109,12.93,0,0,13:48:25,
10.827558,106.696434,15,109,12.93,0,0,13:48:28,
10.827443,106.696357,15,109,13.02,0,0,13:48:31,
10.82761,106.696357,15,109,13.07,0,0,13:48:34,
10.82761,106.696357,15,109,13.07,0,0,13:48:37,
10.82761,106.696357,15,109,13.07,0,0,13:48:40,
10.82761,106.696357,15,109,13.07,0,0,13:48:45,
10.82761,106.696357,15,108,13.07,0,0,13:48:48,
10.82761,107.696357,15,109,13.07,0,0,13:48:51,
10.827583,106.696388,14,114,13.13,0,0,13:48:56,
10.827575,106.696395,14,114,13.13,0,0,13:48:59,
10.827569,106.696403,14,114,13.17,0,0,13:49:02,
10.827572,106.696411,14,114,13.14,0,0,13:49:05,
10.827572,106.696411,14,114,13.14,0,0,13:49:08,
10.827572,106.696411,14,113,13.14,0,0,13:49:12,
10.827572,106.696411,14,113,13.14,0,0,13:49:17,
10.827572,106.696411,13,136,13.14,0,0,13:49:20,
10.827572,106.696411,13,123,13.14,0,0,13:49:23,
10.827572,106.696411,13,123,13.14,0,0,13:49:28,
10.827572,106.696411,13,123,13.14,0,0,13:49:38,
10.827572,106.696411,13,123,13.14,0,0,13:49:42,
10.827572,106.696411,14,103,13.14,0,0,13:49:48,
10.827572,106.696411,14,113,13.14,0,0,13:49:51,
10.827572,106.696411,14,113,13.14,0,0,13:49:55,
10.827572,106.696411,14,113,13.14,0,0,13:50:01,
10.827572,106.696411,14,113,13.14,0,0,13:50:07,
10.827572,106.696411,13,122,13.14,0,0,13:50:14,
10.827572,106.696411,13,122,13.14,0,0,13:50:19,
10.827572,106.696411,13,122,13.14,0,0,13:50:22,
10.827572,106.696411,13,122,13.14,0,0,13:50:28,
10.827572,106.696411,13,122,13.14,0,0,13:50:33,
10.827572,106.696411,13,122,13.14,0,0,13:50:38,
10.827572,106.696411,13,122,13.14,0,0,13:50:42,
10.827572,106.696411,13,122,13.14,0,0,13:50:47,
10.827572,106.696411,13,122,13.14,0,0,13:50:50,
10.827572,106.696411,13,122,13.14,0,0,13:50:54,
10.816667,106.696411,13,122,3.14,0,0,13:50:57,
10.827572,106.696411,13,122,13.14,0,0,13:51:01,
10.827572,106.696411,13,122,13.14,0,0,13:51:04,
10.827406,106.67974,13,122,13.14,0,0,13:51:08,
10.827572,106.696411,13,122,13.14,0,0,13:51:12,
10.827572,106.696411,14,112,13.14,0,0,13:51:16,
10.827572,106.696411,14,112,13.14,0,0,13:51:19,
10.827572,106.696411,14,112,13.14,0,0,13:51:22,
10.827572,106.696411,14,112,13.14,0,0,13:51:26,
10.827572,106.696411,14,112,13,0,0,13:51:30,
10.827572,106.696411,14,112,13.14,0,0,13:51:33,
10.827572,106.696411,14,113,13.14,0,0,13:51:38,
10.827572,6.696408,14,112,13.14,0,0,14:51:43,
10.827572,106.696411,14,112,13.14,0,0,13:51:46,
10.827572,106.696411,14,112,13.14,0,0,13:51:49,
10.827572,106.696411,14,113,13.14,0,0,13:51:54,
10.827572,106.696411,13,122,13.14,0,0,13:51:59,
10.827572,106.696411,13,122,13.14,0,0,13:52:02,
10.827572,106.696411,13,122,13.14,0,0,13:52:05,
10.827572,106.696411,13,122,13.14,0,0,13:52:11,
10.827572,106.696411,13,122,13.14,0,0,13:52:16,
10.827572,106.696411,13,122,13.14,0,0,13:52:20,
10.827572,106.696411,13,122,13.14,0,0,13:52:25,
10.827572,106.696411,13,123,13.14,0,0,14:52:29,
10.827572,106.696411,13,122,13.14,0,0,13:52:34,
10.827572,106.696411,13,122,13.14,0,0,13:52:39,
10.827572,106.696411,13,122,13.14,0,0,13:52:44,
10.827572,106.696411,15,107,13.14,0,0,13:52:52,
10.827572,106.696411,15,107,13.14,0,0,13:52:56,
10.827572,106.696411,15,107,13.14,0,0,13:53:00,
10.827572,106.696411,15,107,13.14,0,0,13:53:05,
10.827572,106.696411,15,107,13.14,0,0,13:53:09,
10.827572,106.696411,15,107,3.14,0,0,13:53:17,
10.827572,106.696411,15,107,13.14,0,0,13:53:25,
10.827572,106.696411,15,107,13.14,0,0,13:53:31,
10.827572,106.696411,15,107,13.14,0,0,13:53:34,
10.827572,106.696411,15,107,13.14,0,0,13:53:38,
10.827572,106.696411,15,107,13.14,0,0,13:53:41,
10.827572,106.696411,15,107,13.14,0,0,13:53:45,
10.827572,107.696411,15,107,13.14,0,0,13:53:48,
10.827572,106.696411,15,107,13.14,0,0,13:53:51,
10.827572,106.696411,15,106,13,0,0,13:53:55,
10.827572,106.696411,15,106,13.14,0,0,13:53:58,
0.827572,106.696403,15,106,13.14,0,0,13:54:02,
10.827572,106.696411,15,106,13.14,0,0,13:54:06,
10.827572,106.696411,5,106,13.14,0,0,13:54:12,
10.827572,106.696411,15,106,13.14,0,0,13:54:16,
10.827572,106.696411,15,106,13.14,0,0,13:54:19,
10.827572,106.696411,15,106,13.14,0,0,13:54:22,
10.827572,106.696411,15,106,13.14,0,0,13:54:26,
10.827572,106.696411,15,106,13.14,0,0,13:54:29,
10.827572,106.696411,15,106,13.14,0,0,13:54:33,
10.827572,106.696411,15,106,13.14,0,0,13:54:37,
10.827572,106.696411,15,106,13.14,0,0,13:54:42,
10.827572,106.696411,15,106,13.14,0,0,13:54:45,
10.827572,106.696411,15,106,13.14,0,0,13:54:48,
10.827572,106.696411,15,106,13.14,0,0,13:54:51,
10.827572,106.696411,15,106,13.14,0,0,13:54:54,
10.827572,106.696411,15,106,13.14,0,0,13:44:59,
10.827572,106.696411,15,106,13.14,0,0,13:55:02,
10.827572,106.696411,15,106,13.14,0,0,13:55:05,
10.827572,106.696411,15,106,13.14,0,0,13:55:08,
10.827572,106.696411,15,106,13.14,0,0,13:55:11,
10.827572,106.696411,15,106,13.14,0,0,13:55:16,
10.827572,106.696411,15,105,13.14,0,0,13:55:20,
10.827572,106.696411,15,105,13.14,0,0,13:55:23,
10.827572,106.696411,15,105,13.14,0,0,13:55:27,
10.827572,106.696411,15,105,13.14,0,0,13:55:30,
10.827572,106.696411,15,105,13.14,0,0,13:55:36,
10.827572,106.696411,15,105,13.14,0,0,13:55:39,
10.827406,106.67974,15,105,13.14,0,0,13:55:43,
10.827572,106.696411,15,105,13.14,0,0,13:55:52,
10.827572,106.696411,15,105,13.14,0,0,13:55:56,
10.827647,106.69638,14,113,13.66,0,0,13:56:00,
10.827648,106.69638,14,113,13.67,0,0,13:56:03,
10.827648,106.69638,3,144,13.67,0,0,13:56:06,
10.827648,106.69638,13,144,13.67,0,0,13:56:10,
10.827648,106.69638,13,144,13.67,0,0,13:56:14,
10.827648,106.69638,13,144,13.67,0,0,13:56:22,
10.827648,106.69638,13,144,13,0,0,13:56:24,
10.827648,106.69638,14,113,13.67,0,0,13:56:32,
10.827648,106.69638,14,113,13.67,0,0,13:56:37,
10.827648,106.69638,14,113,3.67,0,0,13:56:44,
10.827648,106.69638,15,105,13.67,0,0,13:56:48,
10.827648,106.69638,15,105,13.67,0,0,13:56:52,
10.827648,106.69638,14,111,13.67,0,0,13:56:56,
10.827648,6.696381,13,119,13.67,0,0,14:57:03,
10.827648,106.69638,13,119,13.67,0,0,13:57:10,
10.827648,106.69638,13,119,13.67,0,0,13:57:17,
10.827648,106.69638,13,119,13.67,0,0,13:57:21,
10.827648,106.683334,13,119,13.67,0,0,13:57:24,
10.827648,106.69638,13,119,13.67,0,0,13:57:27,
10.827648,106.69638,13,118,13.67,0,0,13:57:30,
10.827648,106.69638,12,137,13.67,0,0,13:57:34,
10.827648,106.69638,12,137,13.67,0,0,13:57:38,
10.827648,106.69638,12,137,13.67,0,0,13:57:47,
10.827648,106.69638,13,118,13.67,0,0,13:57:53,
10.827648,106.69638,12,137,13.67,0,0,13:57:56,
10.827648,106.69638,12,137,13.67,0,0,13:57:59,
10.827648,106.69638,12,137,13.67,0,0,13:58:05,
10.827648,106.69638,12,137,13.77,0,0,13:58:08,
10.827648,106.69638,12,137,13.67,0,0,13:58:11,
10.827648,106.69638,12,137,13.67,0,0,13:58:15,
10.827648,106.69638,12,137,13.67,0,0,13:58:21,
10.827648,106.69638,12,137,13.67,0,0,13:58:26,
10.827648,106.69638,12,137,13.67,0,0,13:58:29,
10.827648,106.69638,13,118,3.67,0,0,13:58:32,
10.827648,106.679718,13,118,13,0,0,13:58:37,
10.827648,106.69638,13,118,13.67,0,0,13:58:40,
10.827648,106.69638,13,118,13.67,0,0,13:58:48,
10.827648,106.69638,13,118,13.67,0,0,13:58:51,
10.827648,106.69638,13,118,13.67,0,0,13:58:54,
10.827648,106.69638,13,118,13.67,0,0,13:58:57,
10.827648,106.69638,14,115,13.67,0,0,13:59:04,
10.827607,106.696357,14,115,13.13,0,0,13:59:11,
10.827594,106.696372,14,115,12.45,0,0,13:59:15,
10.827594,106.696372,15,106,11.74,0,0,13:59:19,
10.827592,106.696372,15,106,11.2,0,0,13:59:22,
10.827592,106.696372,15,106,11.2,0,0,13:59:28,
10.827609,106.69635,15,106,10.65,0,0,13:59:34,
10.827605,106.696334,15,106,10.84,0,0,13:59:39,
10.827605,106.696334,15,106,10.84,0,0,13:59:43,
10.827605,106.696334,15,106,10.84,0,0,13:59:47,
10.827605,106.696334,14,111,10.84,0,0,13:59:52,
10.827605,106.696334,14,111,10.84,0,0,13:59:56,
10.827438,106.696334,14,111,10,0,0,14:00:01,
10.827605,106.696334,14,111,10.84,0,0,14:00:04,
10.827605,106.696334,14,111,10.84,0,0,14:00:08,
10.827605,106.696334,14,111,10.84,0,0,14:00:11,
10.827605,106.696334,15,106,10.84,0,0,14:00:14,
10.827605,106.696334,15,106,10.84,0,0,14:00:17,
10.827605,106.696334,15,106,10.84,0,0,14:00:22,
10.827605,106.696334,16,100,10.84,0,0,14:00:28,
10.827605,106.696334,16,100,10.84,0,0,14:00:31,
10.827605,106.696334,16,100,10.84,0,0,14:00:34,
10.827605,106.696334,16,100,10.84,0,0,14:00:37,
10.827605,106.696334,16,100,10.84,0,0,14:00:43,
10.827605,106.696334,16,100,10.84,0,0,14:00:47,
10.827605,106.696334,16,100,10.84,0,0,14:00:50,
10.827605,106.696334,16,100,10.84,0,0,14:00:54,
10.827605,106.696334,16,100,10.84,0,0,14:00:57,
10.827605,106.696334,16,100,10.84,0,0,14:01:03,
10.827605,106.696334,16,100,10.84,0,0,14:01:07,
10.827605,106.696334,16,100,10.84,0,0,14:01:11,
10.810938,106.696334,16,100,10.84,0,0,14:01:15,
10.827605,106.696334,16,100,10.84,0,0,14:01:18,
10.827605,106.696334,16,0,10.84,0,0,14:01:24,
10.827438,106.696334,16,100,10.84,0,0,14:01:27,
10.827605,106.696334,16,100,10.84,0,0,14:01:31,
10.827605,106.696334,16,100,10.84,0,0,14:01:34,
10.827605,106.696334,16,100,10.84,0,0,14:01:39,
10.827605,106.696334,16,100,10.84,0,0,14:01:45,
10.827605,106.696334,16,100,10.84,0,0,14:01:49,
10.827605,106.696334,16,100,10.84,0,0,14:01:54,
10.827605,106.696334,16,100,0.84,0,0,14:01:59,
10.827605,6.696335,16,100,10.84,0,0,14:02:03,
10.827605,106.696334,16,100,10.84,0,0,14:02:10,
10.827605,106.696334,16,100,10.84,0,0,14:02:13,
10.827605,106.696334,6,100,10.84,0,0,14:02:16,
10.827605,106.696334,16,100,10.84,0,0,14:02:19,
10.827438,106.679672,16,100,10.84,0,0,14:02:23,
10.827605,106.696334,16,100,10.84,0,0,14:02:26,
10.827605,106.679672,16,100,10.84,0,0,14:02:29,
10.827605,106.696334,16,100,10.84,0,0,14:03:33,
10.827605,106.696334,16,100,10.84,0,0,14:02:36,
10.827605,106.696334,16,100,10.84,0,0,14:02:39,
10.827605,106.696334,16,100,10.84,0,0,14:02:47,
10.827605,106.696334,16,99,10.84,0,0,14:02:53,
10.827605,106.696334,16,99,10.84,0,0,14:02:57,
10.829272,106.696334,16,99,10.84,0,0,14:03:01,
10.827605,106.696334,16,99,10.84,0,0,14:03:04,
10.827605,106.696334,16,99,10.84,0,0,14:03:10,
10.827605,106.696334,16,99,10.84,0,0,14:03:15,
10.827605,106.696334,16,99,10.84,0,0,14:03:21,
10.827605,106.696334,16,99,10.84,0,0,14:03:27,
10.827605,106.696334,16,99,10.84,0,0,14:03:31,
10.827605,106.696334,16,99,10.84,0,0,14:03:34,
10.827605,106.696334,16,99,10.84,0,0,14:03:39,
10.827605,106.696334,16,99,10.84,0,0,14:03:47,
10.827605,106.696334,15,104,10.84,0,0,14:03:51,
10.827605,106.696334,15,104,10.84,0,0,14:03:54,
10.827605,106.696334,14,114,10.84,0,0,14:03:59,
10.827605,6.696335,14,114,10.84,0,0,14:04:02,
10.827605,106.696334,14,114,10.84,0,0,14:04:04,
10.827605,106.696334,14,114,10.84,0,0,14:04:14,
10.827438,106.679672,14,114,10.84,0,0,14:04:17,
10.827605,106.696334,14,114,10.84,0,0,14:04:20,
10.827605,106.696334,14,114,10.84,0,0,14:04:24,
10.827605,106.696334,15,100,10.84,0,0,14:04:31,
10.827605,106.696334,15,104,10.84,0,0,14:04:34,
10.827605,106.696334,14,101,10.84,0,0,14:04:38,
10.827605,106.696334,14,111,10.84,0,0,14:04:41,
10.827605,106.696334,14,111,10.84,0,0,14:04:44,
10.827605,106.696334,14,111,10.84,0,0,14:04:47,
10.827605,106.696334,14,111,10.84,0,0,14:04:50,
10.827605,106.696334,15,103,10.84,0,0,14:04:57,
10.827605,106.696334,15,103,10.84,0,0,14:05:00,
10.827605,106.696334,14,111,10.84,0,0,14:05:03,
10.827605,106.696334,15,103,10.84,0,0,14:05:11,
10.827605,106.696334,15,103,10.84,0,0,14:05:14,
10.827605,106.696334,15,102,10.84,0,0,14:05:17,
10.827605,106.696334,15,102,10.84,0,0,14:05:20,
10.829272,106.696334,15,102,10.84,0,0,14:05:35,
10.827605,106.696334,15,102,10.84,0,0,14:05:28,
10.827605,106.696334,15,102,10.84,0,0,14:05:31,
10.827605,106.696334,15,102,10.84,0,0,14:05:34,
10.827605,106.696334,16,99,10.84,0,0,14:05:38,
10.827605,106.696334,16,0,10.84,0,0,14:05:42,
10.827605,106.696334,16,99,10,0,0,14:05:44,
10.827605,106.696334,16,99,10.84,0,0,14:05:48,
10.827605,106.696334,16,99,10.84,0,0,14:05:52,
10.827605,106.696334,16,99,10.84,0,0,14:05:55,
10.827605,106.696334,16,99,10.84,0,0,14:06:00,
10.827605,106.696334,16,98,10.84,0,0,14:06:04,
10.827605,106.696334,16,98,10.84,0,0,14:06:08,
10.827605,106.696334,16,98,10.84,0,0,14:06:11,
10.827605,106.696334,16,98,10.84,0,0,14:06:14,
10.827605,106.696334,16,98,10.84,0,0,14:06:17,
10.827605,106.696334,16,98,0.84,0,0,14:06:20,
10.827605,106.696334,16,98,10.84,0,0,14:06:25,
10.827605,107.696334,16,98,0.84,0,0,14:06:29,
10.827605,106.696334,16,98,10.84,0,0,14:06:33,
10.827605,106.696334,16,98,10.84,0,0,14:06:37,
10.827438,106.679672,16,98,10.84,0,0,14:06:41,
10.827605,106.683334,16,98,10.84,0,0,14:06:46,
10.827605,106.696334,16,98,10.84,0,0,14:06:55,
10.827605,106.696334,16,98,10.84,0,0,14:06:58,
10.827605,106.696334,16,98,10.84,0,0,14:07:03,
10.827605,106.696334,16,98,10.84,0,0,14:07:06,
10.827605,106.696334,17,98,10.84,0,0,14:07:11,
10.827605,106.696334,16,98,10.84,0,0,14:07:14,
10.827605,106.696334,17,98,10.84,0,0,14:07:18,
10.827605,106.696334,16,98,10.84,0,0,14:07:22,
10.827605,106.696334,16,98,10.84,0,0,14:07:27,
10.827605,106.696334,16,98,10.84,0,0,14:07:31,
10.827605,106.696334,16,98,10.84,0,0,14:07:34,
10.827605,106.696334,16,98,10.84,0,0,14:07:39,
10.827605,106.696334,16,98,10.84,0,0,14:07:42,
10.827605,106.696334,16,98,10.84,0,0,14:07:45,
0.827604,106.696334,16,98,10.84,0,0,14:07:53,
10.827605,106.696334,15,102,10.84,0,0,14:07:56,
10.827605,106.696334,14,106,10.84,0,0,14:07:59,
10.827605,106.696334,15,102,10.84,0,0,14:08:05,
10.827605,106.696334,15,102,10.84,0,0,14:08:08,
10.827621,106.679672,16,98,10.84,0,0,14:08:16,
10.827605,106.696334,16,98,10.84,0,0,14:08:20,
10.827605,106.696334,16,98,10.84,0,0,14:08:25,
10.827605,106.696334,16,98,10.84,0,0,14:08:28,
10.827605,106.696334,16,98,10.84,0,0,14:08:31,
10.827525,106.69638,16,98,9.8,0,0,14:08:40,
10.827523,106.69638,16,98,9.81,0,0,14:08:43,
10.827523,106.69638,16,98,9.81,0,0,14:08:46,
10.827523,106.69638,16,98,9.81,0,0,14:08:49,
10.827523,106.69638,16,98,9.81,0,0,14:08:54,
10.827523,106.696395,16,98,9.81,0,0,14:08:58,
10.827523,106.69638,16,98,9.81,0,0,14:09:04,
10.827523,106.69638,16,98,9.81,0,0,14:09:07,
10.827523,106.69638,15,103,9.81,0,0,14:09:10,
10.827523,106.69638,15,103,9.81,0,0,14:09:13,
10.827523,106.69638,15,103,9.81,0,0,14:09:17,
10.827523,106.69638,15,103,9.81,0,0,14:09:20,
10.827523,106.69638,15,103,9.81,0,0,14:09:23,
10.827523,106.69638,15,103,9.81,0,0,14:09:34,
10.827523,106.696395,16,97,9.81,0,0,14:09:37,
10.827523,106.69638,17,92,9.81,0,0,14:09:41,
10.827523,106.69638,16,95,9.81,0,0,14:09:45,
10.827523,106.69638,16,95,9.81,0,0,14:09:48,
10.827523,106.69638,16,95,9.81,0,0,14:09:51,
10.827523,106.69638,15,101,9.81,0,0,14:09:54,
10.827523,106.69638,15,101,9.81,0,0,14:09:57,
10.827523,106.69638,15,101,9.81,0,0,14:10:01,
10.827523,107.69638,15,101,9,0,0,14:10:06,
10.827523,106.69638,15,101,9.81,0,0,14:10:09,
10.827523,106.69638,16,95,9.81,0,0,14:10:12,
10.827523,106.69638,15,101,9.81,0,0,14:10:16,
10.827523,106.69638,15,101,9.81,0,0,14:10:19,
10.827523,106.69638,15,101,9.81,0,0,14:10:23,
10.827523,106.69638,15,101,9.81,0,0,14:10:27,
10.827523,106.69638,15,101,9.81,0,0,14:10:30,
10.827523,6.696377,16,95,9.81,0,0,14:00:39,
0.827522,106.69638,16,95,9.81,0,0,14:10:42,
10.827523,106.69638,17,91,9.81,0,0,14:10:47,
10.827523,106.69638,16,95,9.81,0,0,14:10:55,
10.816667,106.69638,17,91,8.81,0,0,14:11:00,
10.827523,106.69638,16,95,9.81,0,0,14:11:05,
10.827523,106.696395,16,95,9.81,0,0,14:11:08,
10.827523,106.69638,15,103,9.81,0,0,14:11:11,
10.827523,106.69638,15,103,9.81,0,0,14:11:15,
10.827523,106.69638,15,103,9.81,0,0,14:11:18,
10.827523,107.69638,15,102,9,0,0,14:11:25,
10.827523,106.69638,16,95,9.81,0,0,14:11:29,
10.827523,106.683334,16,95,9.8,0,0,14:11:37,
10.827523,106.69638,16,95,9.81,0,0,14:11:42,
10.827507,106.69638,16,95,9.8,0,0,14:11:46,
10.827523,106.69638,16,95,9.81,0,0,14:10:50,
10.827523,106.69638,16,95,9.81,0,0,14:11:54,
10.827523,106.69638,16,95,9.81,0,0,14:11:58,
10.827523,106.69638,16,95,9.81,0,0,14:12:01,
10.827523,106.69638,16,95,9.81,0,0,14:12:05,
10.827523,106.69638,16,95,9.81,0,0,14:12:15,
10.827523,106.69638,16,95,9.81,0,0,14:12:18,
10.827523,106.69638,16,95,9.81,0,0,14:12:24,
10.827523,106.69638,16,95,9.81,0,0,14:12:27,
10.827507,106.69638,16,95,9.8,0,0,14:12:32,
10.827523,106.69638,16,95,9.81,0,0,14:12:35,
10.827523,106.69638,16,95,9.81,0,0,14:12:39,
10.827523,106.69638,16,95,9.81,0,0,14:12:44,
10.827523,106.69638,16,95,9.81,0,0,14:12:47,
10.827523,106.69638,16,95,9.81,0,0,14:12:52,
10.827523,106.69638,16,95,8.81,0,0,14:12:56,
10.827523,106.69638,16,95,9.81,0,0,14:12:59,
10.827523,106.69638,17,95,9.81,0,0,14:13:03,
10.827523,106.69638,16,95,9.81,0,0,14:13:08,
10.827523,106.67971,16,95,9.81,0,0,14:13:10,
10.827523,106.69638,16,95,9.81,0,0,14:13:15,
10.827523,106.69638,16,95,9.81,0,0,14:13:20,
10.827523,106.69638,16,95,9.81,0,0,14:13:23,
10.827523,106.69638,16,95,9.81,0,0,14:13:27,
10.82751,106.696441,16,95,9.05,0,0,14:13:30,
10.827513,106.696441,16,95,9.03,0,0,14:13:33,
10.827513,106.696441,16,95,9,0,0,14:13:36,
10.827513,106.696441,16,95,9.03,0,0,14:13:39,
10.827513,106.696441,16,95,9.03,0,0,14:13:47,
10.827513,106.696441,16,95,9.03,0,0,14:13:50,
10.827513,106.696441,16,95,9.03,0,0,14:13:53,
10.827513,106.696441,16,95,9.03,0,0,14:13:56,
10.827513,106.696441,16,95,9.03,0,0,14:14:00,
10.827513,106.696441,16,95,9.03,0,0,14:14:07,
0.827513,106.696441,15,100,9.03,0,0,14:14:11,
10.827513,106.696441,15,100,9.03,0,0,14:14:14,
10.827513,106.696441,15,100,9.03,0,0,14:14:21,
10.827513,106.696441,15,100,9.03,0,0,14:14:25,
10.827513,106.696441,15,100,9.03,0,0,14:14:28,
10.827513,106.696441,15,100,9.03,0,0,14:14:31,
10.827513,106.696441,15,100,9.03,0,0,14:14:38,
10.827513,106.696456,15,100,9.03,0,0,14:14:41,
10.827513,106.696441,14,112,9.03,0,0,14:14:44,
10.827513,106.696441,15,101,9.03,0,0,14:14:50,
10.827513,106.696441,15,101,9.03,0,0,14:14:53,
10.827513,106.696441,15,101,9.03,0,0,14:14:56,
0.827513,106.696441,15,101,9.03,0,0,14:14:59,
10.827513,106.696441,15,101,9.03,0,0,14:15:04,
10.827599,106.683334,15,101,8.03,0,0,14:15:08,
10.827599,106.696418,16,95,8.02,0,0,14:15:11,
10.827599,106.696418,16,94,8.02,0,0,14:15:17,
10.827599,106.696418,16,94,8.02,0,0,14:15:20,
10.827432,106.679756,16,94,8.02,0,0,14:15:23,
10.827599,106.696418,16,94,8.02,0,0,14:15:26,
10.827599,106.696418,15,106,8.02,0,0,14:15:37,
10.827598,106.696418,16,100,8.02,0,0,14:15:42,
10.827599,106.696418,16,100,8.02,0,0,14:15:46,
10.827599,106.696418,16,100,8.02,0,0,14:15:50,
10.827432,106.679756,16,100,8.02,0,0,14:15:57,
10.827599,106.696418,16,100,8.02,0,0,14:16:00,
10.827599,106.696418,16,100,8.02,0,0,14:17:03,
10.827599,106.696418,16,100,8.02,0,0,14:16:07,
10.827432,106.696418,16,100,8.02,0,0,14:16:11,
10.827599,106.696418,17,91,8.02,0,0,14:16:15,
10.827599,106.696418,16,94,8.02,0,0,14:16:18,
10.827599,106.696418,17,91,8.02,0,0,14:16:23,
10.827599,106.696418,17,91,8.02,0,0,14:16:30,
10.827599,106.696418,16,103,8.02,0,0,14:16:34,
10.827599,106.696418,15,106,8.02,0,0,14:16:42,
10.827599,106.696418,15,106,8.02,0,0,14:16:45,
10.827582,106.696418,16,93,8.02,0,0,14:16:48,
10.827599,106.696418,16,93,8.02,0,0,14:16:53,
10.827599,106.696418,16,93,8.02,0,0,14:16:58,
10.827599,106.696418,16,93,8.02,0,0,14:17:01,
10.827599,106.696418,16,93,8.02,0,0,14:17:04,
10.827599,106.696418,16,93,8.02,0,0,14:17:07,
10.827599,106.696418,16,93,8.02,0,0,14:17:10,
10.827599,106.696418,16,93,8.02,0,0,14:17:13,
10.827599,106.696418,16,93,8.02,0,0,14:17:16,
10.827599,106.696418,16,93,8.02,0,0,14:17:19,
10.827599,106.696418,16,93,8.02,0,0,14:17:22,
0.827598,106.696418,15,104,8.02,0,0,14:17:25,
10.827599,106.696418,15,104,8.02,0,0,14:17:28,
10.827599,106.696418,15,104,8.02,0,0,14:17:36,
10.827599,106.696418,15,104,8.02,0,0,14:17:39,
10.827599,106.696418,15,104,8.02,0,0,14:17:42,
10.827599,106.696418,15,104,8.02,0,0,14:17:45,
10.827599,106.696418,15,104,8.02,0,0,14:17:48,
10.827599,106.696418,15,104,8.02,0,0,14:17:54,
10.827599,106.696418,15,104,8.02,0,0,14:17:58,
10.827599,106.696418,15,104,8.02,0,0,14:18:01,
10.827599,106.696418,15,105,8.02,0,0,14:18:04,
10.827599,106.696418,15,105,8.02,0,0,14:18:07,
10.827599,106.696418,15,105,8.02,0,0,14:18:10,
10.827599,106.696418,16,93,8.02,0,0,14:18:17,
10.827599,106.696418,16,93,8.02,0,0,14:18:20,
10.827599,106.696418,16,93,8.02,0,0,14:18:24,
10.827582,106.683334,16,93,8.02,0,0,14:18:28,
10.827599,106.696418,16,93,8.02,0,0,14:18:30,
10.827599,106.696418,16,93,8.02,0,0,14:18:34,
10.827599,106.696418,16,93,8.02,0,0,14:18:39,
10.827599,106.696418,15,105,8.02,0,0,14:18:42,
10.827599,106.696418,15,105,8.02,0,0,14:18:46,
10.827599,106.679756,15,105,8.02,0,0,14:18:48,
10.827599,106.696418,15,105,8.02,0,0,14:18:55,
10.827599,106.696418,15,105,8.02,0,0,14:18:58,
10.827599,106.696418,15,105,8.02,0,0,14:19:01,
10.816667,106.696418,15,105,8.02,0,0,14:18:06,
10.827599,106.696418,15,105,8.02,0,0,14:19:11,
10.827599,106.696418,15,105,8.02,0,0,14:19:14,
10.827599,106.696418,15,104,8.02,0,0,14:19:18,
10.827599,106.696418,15,104,8.02,0,0,14:19:22,
10.827599,106.696418,15,104,8.02,0,0,14:19:25,
10.827599,106.696418,15,104,8.02,0,0,14:19:28,
10.827599,106.696418,15,104,8.02,0,0,14:19:32,
10.827599,106.696418,15,104,8.02,0,0,14:19:36,
10.827599,106.696418,15,104,8.02,0,0,14:19:39,
10.827599,106.696418,16,93,8.02,0,0,14:19:43,
10.827599,106.696418,17,90,8.02,0,0,14:19:47,
10.827599,106.679756,17,90,8.03,0,0,14:19:50,
10.827599,106.696418,17,90,8.02,0,0,14:19:54,
10.827432,106.696418,15,105,8.02,0,0,14:19:59,
10.827599,106.696418,16,103,8.02,0,0,14:20:04,
0.827598,106.696418,16,103,8.02,0,0,14:20:07,
10.827599,106.696418,16,103,8.02,0,0,14:20:14,
10.827599,106.696418,16,103,8.02,0,0,14:20:17,
10.827599,106.696418,17,98,8.02,0,0,14:20:20,
10.827599,106.696418,17,97,8.02,0,0,14:20:25,
10.827683,106.696426,17,97,6.74,0,0,14:20:28,
10.827685,106.696426,17,97,6.38,0,0,14:20:31,
10.827689,106.696426,17,97,6.08,0,0,14:20:34,
10.827689,106.696426,16,100,6.08,0,0,14:20:37,
10.827689,106.696426,16,100,6.08,0,0,14:20:42,
10.827689,107.696426,15,101,6.08,0,0,14:20:49,
10.827689,106.696426,14,123,6.08,0,0,14:20:52,
10.827689,106.696426,14,123,6.08,0,0,14:20:55,
10.827689,106.696426,14,132,6.08,0,0,14:20:59,
10.827689,106.696426,14,132,6.08,0,0,14:21:03,
10.811022,106.696426,14,132,7.08,0,0,14:21:07,
10.827689,106.696426,15,105,6.08,0,0,14:21:11,
10.827689,106.696426,15,105,6.08,0,0,14:21:15,
10.827689,106.696426,15,104,6.08,0,0,14:21:18,
10.827689,106.696426,15,105,6.08,0,0,14:21:24,
10.827689,106.696426,15,105,6.08,0,0,14:21:28,
10.827689,106.696426,16,100,6.08,0,0,14:21:35,
10.827689,106.696426,16,100,6.08,0,0,14:21:39,
0.827688,106.696426,16,100,6.08,0,0,14:21:43,
10.827689,106.696426,16,100,6.08,0,0,14:21:46,
10.827689,106.696426,16,100,6.08,0,0,14:21:49,
10.827689,106.696426,16,100,6.08,0,0,14:21:53,
10.827689,106.696426,16,100,6.08,0,0,14:21:57,
10.827689,106.696426,16,91,6.08,0,0,14:22:04,
10.827689,106.696426,15,98,6.08,0,0,14:22:08,
10.827689,106.696426,15,98,6.08,0,0,14:22:12,
10.827689,106.696426,15,98,6.08,0,0,14:22:15,
10.827856,106.696426,15,98,6.08,0,0,14:22:18,
10.827689,106.696426,15,98,6.08,0,0,14:22:21,
10.827689,106.696426,15,98,6.08,0,0,14:22:24,
10.827689,106.696426,14,114,6.08,0,0,14:22:28,
10.827689,106.696426,14,114,6.08,0,0,14:22:31,
10.827689,107.696426,14,114,6,0,0,14:22:34,
10.827689,106.696426,15,102,6.08,0,0,14:22:38,
10.827689,106.696426,14,102,6.08,0,0,14:22:42,
10.827689,106.696426,14,102,6.08,0,0,14:22:47,
10.827689,106.696426,14,129,6.08,0,0,14:22:51,
10.827689,106.696426,14,129,6.08,0,0,14:22:54,
10.827689,106.696426,4,129,6.08,0,0,14:23:02,
10.827689,106.696426,14,129,6.08,0,0,14:23:07,
10.827689,106.696426,15,108,6.08,0,0,14:23:10,
10.827856,106.696426,16,94,6.08,0,0,14:23:13,
10.827689,106.696426,16,94,6.08,0,0,14:23:16,
10.827689,106.696426,17,88,6.08,0,0,14:23:20,
10.827689,106.696426,17,88,6.08,0,0,14:23:24,
10.827689,106.696426,17,88,6.08,0,0,14:23:28,
10.827689,106.696426,17,88,6.08,0,0,14:23:33,
10.827689,106.696426,17,88,6.08,0,0,14:23:36,
10.827689,106.696426,17,88,6.08,0,0,14:23:40,
10.827689,106.696426,17,88,6.08,0,0,14:23:43,
10.827689,106.696426,17,88,6.08,0,0,14:23:46,
10.816667,106.696426,17,88,6,0,0,14:23:49,
10.827689,106.696426,17,88,6.08,0,0,14:23:53,
10.827689,106.696426,16,95,6.08,0,0,14:23:57,
10.827689,106.696426,15,102,6.08,0,0,14:24:01,
10.827689,106.696426,15,108,6.08,0,0,14:24:04,
10.827689,106.696426,15,108,6.08,0,0,14:24:07,
10.827689,106.696426,15,108,6.08,0,0,14:24:13,
10.827689,106.696426,15,108,6.08,0,0,14:24:16,
10.827689,106.679756,15,108,6.08,0,0,14:24:18,
10.827689,106.696426,15,108,6.08,0,0,14:24:22,
10.827689,106.696426,15,108,6.08,0,0,14:24:25,
10.827689,106.696426,15,108,6.08,0,0,14:24:28,
10.827672,106.696426,16,96,6.08,0,0,14:24:33,
10.827689,106.696426,16,96,6.08,0,0,14:24:42,
10.827689,107.696426,16,96,7.08,0,0,14:24:45,
10.827689,106.696426,16,96,6.08,0,0,14:24:48,
10.827689,106.696426,16,96,6.08,0,0,14:24:52,
10.827689,106.696426,16,96,6.08,0,0,14:24:55,
10.827689,106.696426,16,96,6.08,0,0,14:25:00,
10.827689,106.696426,16,96,6.08,0,0,14:25:05,
10.827689,106.696426,17,89,6.08,0,0,14:25:08,
10.827689,106.696426,17,89,6.08,0,0,14:25:11,
10.827689,107.696426,17,89,7.08,0,0,14:25:14,
10.827689,106.696426,18,85,6.08,0,0,14:25:17,
10.827689,106.696426,18,85,6.08,0,0,14:25:20,
10.827689,106.696426,18,85,6.08,0,0,14:25:23,
10.827689,106.696426,18,85,6.08,0,0,14:25:27,
10.827689,106.696426,18,85,6.08,0,0,14:25:32,
10.827689,106.696426,18,85,6.08,0,0,14:25:35,
0.827688,106.696426,18,85,6.08,0,0,14:25:38,
10.827689,106.696426,18,85,6.08,0,0,14:25:44,
10.827689,106.696426,18,85,6.08,0,0,14:25:54,
10.827689,106.696426,16,105,6.08,0,0,14:25:58,
10.827689,106.696426,17,96,6.08,0,0,14:26:01,
10.827689,6.696425,17,96,6.08,0,0,14:36:04,
10.827689,106.696426,16,100,6.08,0,0,14:26:11,
10.827658,106.696334,16,100,6.22,0,0,14:26:14,
10.827663,106.696311,16,100,6.34,0,0,14:26:21,
10.827663,106.696311,16,96,6.34,0,0,14:26:26,
10.827663,106.696311,16,96,6.34,0,0,14:26:29,
10.827663,106.696311,16,96,6.34,0,0,14:26:32,
10.827663,106.696311,16,96,6.34,0,0,14:26:35,
10.827663,106.696311,15,103,6.34,0,0,14:26:38,
10.827663,106.696342,15,103,6.37,0,0,14:26:42,
10.827668,106.696342,15,103,6.39,0,0,14:26:46,
10.827668,106.696342,16,92,6.39,0,0,14:26:49,
10.827668,106.696342,17,89,6.39,0,0,14:26:52,
10.827668,106.696342,16,93,6.39,0,0,14:26:55,
10.827668,106.696342,16,93,6.39,0,0,14:26:58,
10.827668,106.696342,17,89,6.39,0,0,14:27:02,
10.827668,106.696342,17,89,6.39,0,0,14:27:06,
10.827668,106.696342,17,89,6.39,0,0,14:27:09,
10.827668,106.696342,17,89,6.39,0,0,14:27:12,
10.827668,106.696342,18,82,6.39,0,0,14:27:16,
10.827668,106.696342,18,82,6.39,0,0,14:27:19,
10.827668,106.696342,18,82,6.39,0,0,14:27:23,
10.827668,106.696342,18,82,6.39,0,0,14:27:27,
10.827668,107.696342,18,82,7.39,0,0,14:27:30,
10.827668,106.696342,18,82,6.39,0,0,14:27:33,
10.827668,107.696342,18,82,7.39,0,0,14:27:36,
10.827668,106.696342,18,82,6.39,0,0,14:27:39,
10.827668,107.696342,18,82,7.39,0,0,14:27:44,
10.827668,106.696342,18,82,6.39,0,0,14:27:47,
10.827668,106.696342,18,82,6.39,0,0,14:27:50,
10.827668,106.696342,18,82,6.39,0,0,14:27:53,
10.827668,106.696342,18,82,6.39,0,0,14:27:58,
10.827668,106.696342,18,82,6.39,0,0,14:28:01,
10.827668,106.696342,18,82,7.39,0,0,14:28:07,
10.827668,106.696342,19,78,6.39,0,0,14:28:15,
10.827668,106.679672,19,78,6.39,0,0,14:28:18,
10.827668,106.696342,19,78,6.39,0,0,14:28:23,
10.827668,106.683334,19,78,6.39,0,0,14:28:29,
10.827668,106.696342,19,78,6.39,0,0,14:28:33,
10.827668,106.696342,19,78,6.39,0,0,14:28:37,
10.827668,106.696342,19,78,6.39,0,0,14:28:41,
10.827668,106.696342,18,84,6.39,0,0,14:28:47,
10.827668,106.696342,18,84,6.39,0,0,14:28:50,
10.827668,106.696342,18,84,6.39,0,0,14:28:54,
10.827668,106.696342,18,85,6.39,0,0,14:28:57,
10.827668,106.696342,18,85,6.39,0,0,14:29:03,
10.827668,106.696342,18,85,6.39,0,0,14:29:06,
10.827668,106.696342,18,0,6.39,0,0,14:29:11,
10.827668,106.696342,18,85,6,0,0,14:29:06,
10.827668,106.696342,17,88,6.39,0,0,14:29:19,
10.827668,106.696342,17,88,6.39,0,0,14:29:22,
10.827668,106.696342,17,88,6.39,0,0,14:29:28,
10.827668,106.696342,18,82,6.39,0,0,14:29:31,
10.827668,106.696342,18,82,6.39,0,0,14:29:35,
10.827668,106.696342,18,82,6.39,0,0,14:29:42,
10.827668,106.696342,18,82,6.39,0,0,14:29:46,
10.827668,106.696342,18,82,6.39,0,0,14:29:49,
10.827668,106.696342,18,82,6.39,0,0,14:29:52,
10.827668,106.696342,18,82,6.39,0,0,14:29:58,
10.827668,106.696342,18,82,6.39,0,0,14:30:03,
10.827668,106.696342,18,82,6.39,0,0,14:30:07,
10.827668,106.696342,18,82,6.39,0,0,14:30:12,
10.827668,106.696342,18,82,6.39,0,0,14:30:16,
10.827668,106.696342,17,85,6.39,0,0,14:30:22,
10.827668,106.696342,17,86,6.39,0,0,14:30:28,
10.827668,106.696342,17,86,6.39,0,0,14:30:31,
10.827668,106.696342,17,86,6.39,0,0,14:30:35,
10.827668,106.696342,17,86,6.39,0,0,14:30:38,
10.827668,106.696342,17,86,6.39,0,0,14:30:41,
10.827668,106.696342,17,86,6.39,0,0,14:30:44,
10.827668,106.696342,17,86,6.39,0,0,14:30:48,
10.827668,106.696342,17,86,6.39,0,0,14:30:54,
10.827668,106.696342,16,91,6.39,0,0,14:30:57,
10.827668,106.696342,16,91,6.39,0,0,14:31:00,
10.827668,106.696342,18,82,6.39,0,0,14:31:04,
10.827668,106.696342,17,86,6.39,0,0,14:31:07,
10.827668,106.696342,17,86,6.39,0,0,14:31:11,
10.827668,106.696342,16,92,6.39,0,0,14:31:14,
0.827667,106.696342,16,92,6.39,0,0,14:31:18,
10.827668,106.696342,17,88,6.39,0,0,14:31:22,
10.827668,106.696342,16,92,6.39,0,0,14:31:25,
10.827668,107.696342,17,88,6,0,0,14:31:30,
10.827668,106.696342,16,92,6.39,0,0,14:31:34,
10.827668,106.696342,16,92,6.39,0,0,14:31:37,
10.827668,106.696342,16,92,6.39,0,0,14:31:41,
10.827668,106.696342,15,95,6.39,0,0,14:31:44,
10.816667,106.696342,14,105,6,0,0,14:31:47,
10.827668,106.696342,15,95,6.39,0,0,14:31:50,
10.827668,106.696342,15,95,6.39,0,0,14:31:54,
10.827668,106.696342,14,101,6.39,0,0,14:31:57,
10.829334,106.696342,15,94,6.39,0,0,14:32:04,
10.827668,106.696342,14,98,6.39,0,0,14:32:10,
10.827668,106.696342,15,94,6.39,0,0,14:32:17,
10.827668,106.696342,16,88,6.39,0,0,14:32:20,
10.827668,106.696342,16,88,7.39,0,0,14:32:23,
10.827668,106.696342,15,91,6.39,0,0,14:32:28,
10.827668,106.696342,16,88,6.39,0,0,14:32:31,
10.827668,106.696342,16,88,6.39,0,0,14:32:35,
10.827668,106.696342,16,88,6.39,0,0,14:32:38,
10.827668,106.696342,16,88,6.39,0,0,14:32:41,
10.827668,106.696342,16,88,6.39,0,0,14:32:45,
10.827428,106.696289,16,88,7.1,0,0,14:32:48,
10.827596,106.696281,16,88,7.08,0,0,14:32:51,
10.827596,106.696281,15,91,7.08,0,0,14:32:56,
10.827596,106.696281,16,88,7.08,0,0,14:32:59,
10.827596,106.696281,16,88,7.08,0,0,14:33:03,
10.827596,106.696281,16,88,7.08,0,0,14:33:06,
10.827596,106.696281,16,88,7.08,0,0,14:33:09,
10.827596,106.696281,17,86,7.08,0,0,14:33:12,
10.827596,106.696281,16,88,7.08,0,0,14:33:15,
10.827596,106.696281,16,88,7.08,0,0,14:33:18,
10.827596,106.696281,15,95,7.08,0,0,14:33:24,
10.827596,106.696281,15,95,7.08,0,0,14:33:27,
10.827596,106.696281,16,92,7.08,0,0,14:33:33,
10.827596,106.696281,16,92,7.08,0,0,14:33:39,
10.827596,106.696281,16,92,7.08,0,0,14:33:43,
10.827596,106.696281,16,92,7.08,0,0,14:33:52,
10.827596,106.696281,16,92,7.08,0,0,14:33:55,
10.827596,106.696281,16,92,7,0,0,14:33:49,
10.827596,106.696281,16,92,7.08,0,0,14:34:03,
10.827596,106.696281,17,86,7.08,0,0,14:34:07,
10.827596,106.696281,17,80,7.08,0,0,14:34:16,
10.827596,106.696281,17,80,7.08,0,0,14:34:21,
10.827596,106.696281,16,90,7.08,0,0,14:34:27,
10.827596,106.696281,16,90,7.08,0,0,14:34:30,
10.827596,106.696281,16,90,7.08,0,0,14:34:34,
10.827596,106.696281,16,90,7.08,0,0,14:34:37,
10.827596,107.696281,16,90,7,0,0,14:34:42,
10.827596,106.696281,16,90,7.08,0,0,14:34:46,
10.827596,106.696281,16,90,7.08,0,0,14:34:49,
10.827596,106.696281,15,101,7.08,0,0,14:34:54,
10.827596,106.696281,16,89,7.08,0,0,14:34:58,
10.827596,106.696281,16,89,7.08,0,0,14:35:01,
10.827596,106.696281,16,89,7.08,0,0,14:35:06,
10.827596,106.696281,17,87,7.08,0,0,14:35:11,
10.827596,106.696281,17,87,7.08,0,0,14:35:18,
10.827596,106.696281,17,87,7.08,0,0,14:35:22,
10.827596,106.696281,18,80,7.08,0,0,14:35:25,
10.810929,106.696281,19,76,7.08,0,0,14:34:28,
10.827596,106.696281,19,76,7.08,0,0,14:35:31,
10.827579,106.683334,19,76,7.08,0,0,14:35:35,
10.827596,107.696281,19,76,7,0,0,14:35:39,
10.827596,106.696281,19,76,7.08,0,0,14:35:42,
10.827596,106.696281,19,76,7.08,0,0,14:35:46,
10.827596,106.696281,18,80,7.08,0,0,14:35:52,
10.827596,106.696281,18,80,7.08,0,0,14:35:55,
10.827596,106.696281,18,80,7.08,0,0,14:35:58,
10.827596,106.696281,18,80,7.08,0,0,14:36:01,
10.827596,106.696281,18,80,7.08,0,0,14:36:04,
10.827596,106.696281,18,80,7.08,0,0,14:36:07,
10.827596,106.696281,18,80,7.08,0,0,14:36:10,
10.827596,106.696281,19,76,7.08,0,0,14:36:13,
10.827596,106.696281,18,80,7.08,0,0,14:36:17,
10.827596,106.696281,18,80,7.08,0,0,14:36:20,
10.827596,106.696281,19,76,7.08,0,0,14:36:24,
10.827596,106.696281,19,76,7.08,0,0,14:36:29,
10.829262,106.696281,19,76,7.08,0,0,14:36:33,
10.827596,106.696281,19,76,7.08,0,0,14:36:38,
10.827596,106.696281,18,81,7.08,0,0,14:36:42,
10.827596,106.696281,18,81,7,0,0,14:36:45,
10.827596,106.696281,18,81,7.08,0,0,14:36:48,
10.827596,106.696281,18,81,7.08,0,0,14:36:51,
10.827596,106.696281,18,81,7.08,0,0,14:36:54,
10.827596,106.696281,18,81,7.08,0,0,14:37:02,
10.827596,106.696281,18,76,7.08,0,0,14:37:05,
10.827596,106.696281,17,82,7.08,0,0,14:37:08,
10.827596,106.696281,18,76,7.08,0,0,14:37:11,
10.827596,106.696281,18,76,7.08,0,0,14:37:17,
10.827596,106.696281,18,76,7.08,0,0,14:37:24,
10.827596,106.696281,18,76,7.08,0,0,14:37:27,
10.827596,106.696281,18,76,7.08,0,0,14:37:31,
10.827596,106.696281,18,76,7.08,0,0,14:37:35,
10.827596,106.696281,18,76,7.08,0,0,14:37:39,
10.827596,106.696281,18,76,7.08,0,0,14:37:44,
10.827596,106.696281,19,75,7.08,0,0,14:37:47,
10.827596,106.679618,19,75,7.08,0,0,14:37:50,
10.827596,106.696281,19,75,7.08,0,0,14:37:54,
10.827596,106.696281,19,75,7.08,0,0,14:37:58,
10.827596,106.696281,19,75,7.08,0,0,14:38:02,
10.827596,106.696281,19,75,7.08,0,0,14:38:05,
10.827596,106.696281,19,75,7.08,0,0,14:38:11,
10.827596,106.696281,19,75,7.08,0,0,14:38:15,
10.827429,106.696281,19,75,7.08,0,0,14:38:18,
10.829262,107.696281,19,75,7.08,0,0,14:38:22,
10.827596,106.696281,19,75,7.08,0,0,14:38:25,
10.827596,106.696281,18,78,7.08,0,0,14:38:30,
10.827596,106.696281,19,75,7.08,0,0,14:38:33,
10.827596,106.696281,18,82,7.08,0,0,14:38:36,
10.827596,106.696281,18,82,7.08,0,0,14:38:39,
10.827596,106.696281,18,82,7.08,0,0,14:38:42,
10.827596,106.696281,18,82,7.08,0,0,14:38:45,
10.827596,106.679618,18,82,7.08,0,0,14:38:48,
10.827596,106.696281,18,82,7.08,0,0,14:38:52,
10.827596,106.696281,18,82,7.08,0,0,14:38:55,
10.827596,106.696281,19,75,7.08,0,0,14:38:58,
10.827596,106.696281,19,75,7.08,0,0,14:39:02,
10.827596,106.696281,19,75,7.08,0,0,14:39:08,
10.827596,106.696281,19,75,7.08,0,0,14:39:15,
10.827596,106.696281,19,75,7.08,0,0,14:39:18,
10.827579,106.696281,19,75,7.08,0,0,14:39:22,
10.827596,106.696281,19,75,7.08,0,0,14:39:25,
10.827596,106.696281,19,75,7.08,0,0,14:39:30,
10.827596,106.696281,19,75,7.08,0,0,14:39:33,
10.827596,106.696281,19,75,7.08,0,0,14:39:38,
10.827596,106.696281,19,75,7.08,0,0,14:39:41,
10.810929,6.696285,18,77,7.08,0,0,14:39:44,
10.827596,106.696281,19,75,7.08,0,0,14:39:47,
10.827596,106.696281,19,75,7.08,0,0,14:39:52,
10.827596,106.696281,19,75,7.08,0,0,14:39:55,
10.827429,106.696281,19,75,7.08,0,0,14:39:58,
10.827596,106.696281,19,75,7.08,0,0,14:40:03,
10.827596,106.696281,17,86,7.08,0,0,14:40:10,
10.827596,106.696281,17,86,7.08,0,0,14:40:13,
10.816667,107.696281,18,79,7.08,0,0,14:40:16,
10.827596,106.696281,18,79,7.08,0,0,14:40:20,
10.827596,106.696281,18,79,7.08,0,0,14:40:23,
10.827596,6.696285,18,78,7.08,0,0,14:40:28,
10.827596,106.696281,18,79,7.08,0,0,14:40:31,
10.827596,106.683334,18,79,7.08,0,0,14:40:34,
10.827596,106.696281,18,79,7.08,0,0,14:40:37,
10.827596,106.696281,18,79,7.08,0,0,14:40:40,
10.827596,106.696281,18,79,7.08,0,0,14:40:44,
10.827596,106.696281,18,79,7.08,0,0,14:40:47,
10.827596,106.696281,18,79,7.08,0,0,14:40:50,
10.827596,106.696281,18,79,7.08,0,0,14:40:53,
10.827596,106.696281,18,79,7.08,0,0,14:40:56,
10.827579,106.696281,18,79,7.08,0,0,14:41:02,
10.827596,106.696281,18,79,7.08,0,0,14:41:05,
10.827596,106.696281,18,79,7.08,0,0,14:41:09,
10.827596,106.696281,18,79,7.08,0,0,14:41:12,
10.827596,106.696281,18,79,7.08,0,0,14:41:17,
10.827596,106.696281,18,79,7.08,0,0,14:41:21,
10.827596,106.696281,18,79,7.08,0,0,14:41:25,
10.827596,106.696281,18,79,7.08,0,0,14:41:28,
10.827596,106.696281,18,79,7.08,0,0,14:41:32,
10.827596,106.696281,18,79,7.08,0,0,14:41:35,
10.827596,106.696281,18,79,7.08,0,0,14:41:38,
10.827596,106.696281,18,79,7.08,0,0,14:41:42,
10.827596,106.696281,18,79,7.08,0,0,14:41:46,
10.827596,106.696281,18,79,7.08,0,0,14:41:49,
10.827596,106.696281,18,78,7.08,0,0,14:41:53,
10.827596,106.696281,17,87,7.08,0,0,14:41:56,
10.827596,106.696281,17,87,7.08,0,0,14:41:59,
10.827596,106.696281,17,87,7.08,0,0,14:42:03,
10.827596,106.696281,16,99,7.08,0,0,14:42:08,
10.827596,6.696285,16,99,7.08,0,0,14:42:12,
10.827596,106.696281,16,99,7.08,0,0,14:42:15,
10.827596,107.696281,16,99,7.08,0,0,14:42:08,
10.827596,106.696281,16,99,7.08,0,0,14:42:23,
10.827596,106.696281,16,99,7.08,0,0,14:42:26,
10.827596,106.696281,16,99,7.08,0,0,14:42:29,
10.827596,106.696281,16,99,7.08,0,0,14:42:34,
10.827596,106.696281,17,93,7.08,0,0,14:42:40,
10.827596,106.696281,17,93,7.08,0,0,14:42:43,
10.827596,106.696281,17,93,7.08,0,0,14:42:48,
10.827596,106.696281,17,93,7.08,0,0,14:42:52,
10.827596,106.696281,17,93,7.08,0,0,14:42:55,
10.827596,106.696281,17,93,7.08,0,0,14:42:59,
10.827596,106.696281,17,93,7.08,0,0,14:43:02,
10.827596,106.696281,17,93,7.08,0,0,14:43:07,
10.827596,106.696281,17,93,7.08,0,0,14:43:09,
10.827596,106.696281,17,93,7.08,0,0,14:43:12,
10.827596,106.696281,17,93,7.08,0,0,14:43:16,
10.827596,107.696281,17,93,7.08,0,0,14:43:21,
10.827596,106.696281,17,93,7.08,0,0,14:43:25,
10.827596,106.696281,17,93,7.08,0,0,14:43:30,
10.827596,106.696281,16,99,7.08,0,0,14:43:33,
10.827596,106.696281,16,99,7.08,0,0,14:43:36,
10.827596,106.696281,16,99,7.08,0,0,14:43:39,
10.827596,106.696281,16,99,7.08,0,0,14:43:43,
10.827596,106.696281,16,99,7.08,0,0,14:43:48,
10.827596,106.696281,16,99,7.08,0,0,14:43:51,
10.827596,106.696281,17,87,7.08,0,0,14:43:54,
10.827596,6.696285,16,99,7.08,0,0,14:44:00,
10.827596,106.696281,16,99,7.08,0,0,14:44:03,
10.827596,106.696281,16,99,7.08,0,0,14:44:09,
10.827596,106.696281,16,99,7.08,0,0,14:44:12,
10.827596,106.696281,16,99,7.08,0,0,14:44:17,
10.827596,106.696281,16,99,7.08,0,0,14:44:20,
10.827596,106.679618,15,107,7.08,0,0,14:44:23,
10.827596,106.696281,15,107,7.08,0,0,14:44:26,
10.827596,106.696281,15,107,7.08,0,0,14:44:29,
10.827503,106.696273,15,107,7.56,0,0,14:44:36,
10.827503,106.696273,15,107,7.56,0,0,14:44:39,
10.827503,106.696273,15,107,7.56,0,0,14:44:43,
10.827503,106.696273,16,94,7.56,0,0,14:44:47,
10.827503,106.696273,16,99,7.56,0,0,14:44:50,
10.827503,106.696289,16,99,7.56,0,0,14:44:53,
10.827503,106.696273,16,99,7.56,0,0,14:44:58,
10.827503,106.679603,16,99,7.56,0,0,14:45:00,
10.827503,106.696273,16,99,7.56,0,0,14:45:04,
10.827503,106.696273,16,99,7.56,0,0,14:45:07,
10.827503,106.696273,16,99,7.56,0,0,14:45:10,
10.827503,106.696273,16,99,7.56,0,0,14:45:15,
10.827503,106.696289,16,99,7.56,0,0,14:45:23,
10.827503,106.696273,16,99,7.56,0,0,14:45:26,
10.827503,106.696273,16,99,7.56,0,0,14:45:32,
10.827503,106.696273,16,99,7.56,0,0,14:45:35,
10.827503,106.679603,16,99,7.56,0,0,14:45:38,
10.827503,106.696273,16,99,7.56,0,0,14:45:44,
10.827503,106.696273,16,99,7.56,0,0,14:45:47,
10.827503,106.696273,16,99,7.56,0,0,14:44:51,
10.827336,106.696273,16,99,7.56,0,0,14:45:54,
10.827503,106.696273,16,99,7.56,0,0,14:45:57,
10.827503,106.696273,16,99,7.56,0,0,14:46:00,
10.827503,106.696273,16,99,7.56,0,0,14:46:05,
10.827503,106.696273,16,99,7.56,0,0,14:46:08,
10.827503,106.696273,16,99,7.56,0,0,14:46:14,
10.827503,106.696273,16,99,7.56,0,0,14:46:17,
10.827503,106.696273,16,99,7.56,0,0,14:46:23,
10.827503,106.696273,16,99,7.56,0,0,14:46:27,
10.827503,106.696273,17,92,7.56,0,0,14:46:33,
10.827503,106.696273,17,82,7.56,0,0,14:46:36,
0.827502,106.696273,17,92,7.56,0,0,14:46:41,
10.827336,106.679603,17,92,7.56,0,0,14:46:44,
10.827503,106.696273,18,81,7.56,0,0,14:46:50,
10.827503,106.696273,18,81,7.56,0,0,14:46:54,
10.827503,106.696273,18,81,7.56,0,0,14:46:57,
10.827503,106.696273,18,81,7.56,0,0,14:47:00,
10.827503,106.696273,18,81,7.56,0,0,14:47:03,
10.827503,106.696273,18,81,7.56,0,0,14:47:06,
10.827503,106.696273,18,81,7.46,0,0,14:47:08,
10.827503,106.696273,18,81,7.56,0,0,14:47:13,
10.827503,106.696273,18,81,7.56,0,0,14:47:17,
10.827503,106.696273,18,81,7.56,0,0,14:47:22,
10.827503,106.696273,17,85,7.56,0,0,14:47:27,
10.827503,106.696273,17,85,7.56,0,0,14:47:31,
10.827503,106.696273,17,85,7.56,0,0,14:47:35,
10.827503,106.696273,17,97,7.56,0,0,14:47:38,
10.827503,107.696273,16,97,7.56,0,0,14:47:41,
10.827503,106.683334,16,97,7.56,0,0,14:47:49,
10.827503,106.696273,16,97,7.56,0,0,14:47:52,
10.827503,106.696273,16,97,7.56,0,0,14:47:55,
10.827503,106.696273,16,97,7.56,0,0,14:47:59,
10.827503,106.696273,16,97,7.56,0,0,14:48:03,
10.827503,106.696273,16,97,7.56,0,0,14:48:08,
10.827503,106.696273,16,97,7.56,0,0,14:48:13,
10.827503,106.696273,16,97,7.56,0,0,14:48:16,
10.810836,106.696273,16,97,7.56,0,0,14:48:20,
10.827503,106.696273,16,97,7.56,0,0,14:48:23,
10.827503,106.696273,17,92,7.56,0,0,14:48:28,
10.827503,106.696273,15,110,7.56,0,0,14:48:31,
10.827503,106.696273,16,99,7.56,0,0,14:48:34,
10.827503,106.696273,16,99,7.56,0,0,14:48:40,
10.827503,106.696273,16,99,7.56,0,0,14:48:43,
10.827503,106.696273,16,99,7.56,0,0,14:48:47,
10.827503,106.679603,16,99,7.46,0,0,14:48:54,
0.827502,106.696273,16,99,7.56,0,0,14:49:00,
10.827503,106.696273,16,99,7.56,0,0,14:49:03,
10.827503,106.696273,16,99,7.56,0,0,14:49:08,
10.827503,106.696273,16,99,7.56,0,0,14:49:12,
10.827503,106.696273,16,99,7.56,0,0,14:49:15,
10.827503,106.696273,15,106,7.56,0,0,14:49:19,
10.827503,106.696273,16,99,7.56,0,0,14:49:22,
10.827503,106.696273,15,106,7.56,0,0,14:49:26,
10.827503,106.696273,16,98,7.56,0,0,14:49:29,
10.827503,106.696273,16,98,7.56,0,0,14:49:32,
10.827503,106.696273,17,98,7.56,0,0,14:49:35,
10.827503,106.696273,16,98,7.56,0,0,14:49:38,
10.827503,106.696273,16,98,7.56,0,0,14:49:43,
0.827502,106.696273,16,0,7.56,0,0,14:49:46,
10.829169,106.696273,16,98,7,0,0,14:49:49,
10.827503,106.696273,16,98,7.56,0,0,14:49:53,
10.827503,106.696273,16,98,7.56,0,0,14:49:57,
10.827503,106.696273,16,98,7.56,0,0,14:49:59,
10.827503,106.696273,16,98,7.56,0,0,14:50:04,
0.827502,106.696273,16,98,7.56,0,0,14:50:11,
10.827503,106.696273,17,86,7.56,0,0,14:50:17,
10.827503,106.696273,17,86,7.56,0,0,14:50:21,
10.827503,106.696273,17,86,7.56,0,0,14:50:24,
10.827503,106.696273,17,86,7.56,0,0,14:50:32,
10.827503,106.696273,17,86,7.46,0,0,14:50:34,
10.827503,106.696273,16,98,7.56,0,0,14:50:39,
10.827503,107.696273,16,98,7.56,0,0,14:50:42,
10.827503,106.696273,16,98,7.56,0,0,14:50:51,
10.827336,106.696273,16,98,7.57,0,0,14:50:54,
10.827503,106.683334,16,98,7.56,0,0,14:50:58,
10.827503,106.696273,16,98,7.56,0,0,14:51:01,
10.827503,106.696273,17,86,7.56,0,0,14:51:06,
10.827503,106.683334,17,86,7.57,0,0,14:51:12,
10.827503,106.696273,17,86,7.56,0,0,14:51:15,
10.827503,106.696273,17,86,7.56,0,0,14:51:19,
10.827503,106.696273,17,86,7.56,0,0,14:51:23,
10.827503,106.696273,17,86,7.56,0,0,14:51:28,
10.827503,106.696273,16,87,7.56,0,0,14:51:33,
10.827503,106.696273,16,87,7.56,0,0,14:51:44,
10.827503,106.696273,16,87,7.56,0,0,14:51:47,
10.827503,106.696273,16,87,7.56,0,0,14:51:51,
10.827503,106.696273,16,87,7.56,0,0,14:51:54,
10.827418,106.696304,16,87,7.89,0,0,14:51:58,
10.827416,106.696311,17,86,7.88,0,0,14:52:01,
10.827416,106.696311,17,86,7.88,0,0,14:52:05,
10.827416,106.696311,17,86,7.88,0,0,14:52:09,
10.827416,106.696311,17,86,7.88,0,0,14:52:13,
10.827416,106.696311,17,86,7.88,0,0,14:52:21,
10.827416,106.696311,17,86,7.88,0,0,14:52:24,
10.827416,106.696311,17,86,7.88,0,0,14:52:27,
10.827416,106.696311,17,86,7.88,0,0,14:52:35,
10.827416,106.696311,17,86,7.88,0,0,14:52:43,
10.827416,106.696311,16,97,7.88,0,0,14:52:46,
10.827416,106.696311,16,97,7.88,0,0,14:52:49,
10.827416,106.696311,16,97,7.88,0,0,14:52:53,
10.827416,106.696311,16,97,7.88,0,0,14:52:56,
10.827416,106.696311,16,97,7.88,0,0,14:53:00,
10.827416,106.696311,16,97,7.88,0,0,14:53:03,
10.827414,106.696311,17,97,7.88,0,0,14:53:06,
10.827416,106.696311,17,86,7.88,0,0,14:53:09,
10.827416,106.696311,18,81,7.88,0,0,14:53:12,
10.827416,106.696311,17,88,7.88,0,0,14:53:16,
10.827416,106.696311,18,81,7.88,0,0,14:53:19,
10.827416,106.696311,18,81,7.88,0,0,14:53:27,
10.827416,106.696311,18,81,7.88,0,0,14:53:30,
10.827416,106.696311,18,81,7.88,0,0,14:53:34,
10.827416,106.696304,18,81,7.88,0,0,14:53:39,
10.827416,106.679641,18,81,7.88,0,0,14:53:43,
10.827416,106.696311,18,81,7.88,0,0,14:53:45,
10.827416,106.696311,18,81,7.88,0,0,14:53:48,
10.827416,106.696311,18,81,7.88,0,0,14:53:56,
10.827416,106.696311,18,81,7.88,0,0,14:54:00,
10.827383,106.696304,18,81,7.85,0,0,14:54:04,
10.82738,106.696304,18,81,7.84,0,0,14:54:07,
10.82738,106.696304,16,87,7.84,0,0,14:54:10,
10.810713,6.696307,16,87,7.84,0,0,14:54:13,
10.82738,107.696304,16,87,7.84,0,0,14:54:16,
10.82738,106.696304,16,87,7.84,0,0,14:54:20,
10.82738,106.696304,16,87,7.84,0,0,14:54:23,
10.82738,106.696304,15,98,7.84,0,0,14:54:29,
10.82738,106.696304,15,98,7.84,0,0,14:54:32,
10.82738,106.696304,15,98,7.84,0,0,14:54:35,
10.82738,106.696304,16,97,7.84,0,0,14:54:38,
10.82738,106.696304,16,97,7.84,0,0,14:54:45,
10.82738,106.696304,16,97,7.84,0,0,14:54:48,
10.82738,106.683334,16,97,7.84,0,0,14:54:53,
10.82738,106.696304,16,97,7.84,0,0,14:55:00,
10.82738,106.696304,16,97,7.84,0,0,14:55:06,
10.82738,106.696304,16,97,7.84,0,0,14:55:11,
10.82738,106.696304,16,97,7.84,0,0,14:55:14,
10.82738,106.696304,16,97,7.84,0,0,14:55:17,
10.82738,106.696304,16,97,7.84,0,0,14:55:20,
10.82738,106.696304,16,97,7.84,0,0,14:55:27,
10.82738,106.696304,16,97,7.84,0,0,14:55:31,
10.82738,106.696304,16,97,7.84,0,0,14:55:39,
10.82738,106.679641,16,97,7.84,0,0,14:55:47,
10.82738,106.696304,15,107,7.84,0,0,14:55:51,
10.82738,106.696304,15,107,7.84,0,0,14:55:56,
10.82738,106.696304,15,107,7.84,0,0,14:56:01,
10.82738,106.696304,15,107,7.84,0,0,14:56:04,
10.82738,106.696304,15,107,7.84,0,0,14:56:09,
10.82738,106.696304,15,107,7.84,0,0,14:56:13,
10.82738,106.696304,15,107,7.84,0,0,14:56:17,
10.82738,106.696304,15,107,7.84,0,0,14:56:20,
10.82738,106.696304,15,107,7.84,0,0,14:56:23,
10.82738,106.696304,14,107,7.84,0,0,14:56:29,
10.82738,106.696304,15,107,7.84,0,0,14:56:32,
10.82738,106.696304,15,107,7.84,0,0,14:56:36,
10.82738,106.696304,15,107,7.84,0,0,14:56:39,
10.82738,106.696304,15,107,7.84,0,0,14:56:42,
10.82738,106.696304,15,107,7.84,0,0,14:56:45,
10.82738,106.696304,14,110,7.84,0,0,14:56:48,
10.82738,106.696304,14,110,7.84,0,0,14:56:54,
10.82738,106.696304,14,110,7.84,0,0,14:56:57,
10.82738,106.696304,14,110,7.84,0,0,14:57:02,
10.82738,106.696304,14,110,7.84,0,0,14:57:07,
10.82738,106.696304,14,110,7.84,0,0,14:57:10,
10.82738,106.696304,14,110,7.84,0,0,14:57:14,
10.82738,106.696304,14,110,7.84,0,0,14:57:17,
10.82738,106.683334,14,110,7.84,0,0,14:57:21,
10.82738,106.696304,14,110,7.84,0,0,14:57:24,
10.82738,106.696304,14,110,7.84,0,0,14:57:27,
10.82738,106.696304,14,110,7.84,0,0,14:57:32,
10.82738,106.696304,14,110,7.84,0,0,14:57:35,
10.827423,106.696258,14,110,6.96,0,0,14:57:39,
10.827427,106.696258,14,110,6.98,0,0,14:57:43,
10.827427,106.696258,14,110,6.98,0,0,14:57:46,
10.827427,106.696258,14,110,6.98,0,0,14:57:50,
10.827427,106.696258,14,110,6.98,0,0,14:57:53,
10.816667,106.696258,14,110,6.98,0,0,14:58:02,
10.827427,106.696258,14,110,6.98,0,0,14:58:05,
10.827427,106.696258,14,110,6.98,0,0,14:58:08,
10.827427,106.696258,14,110,6.98,0,0,14:58:11,
10.827427,106.696258,14,110,6.98,0,0,14:58:14,
10.827427,106.679595,14,110,6.88,0,0,14:58:18,
10.827427,106.696258,14,110,6.98,0,0,14:58:21,
10.827427,106.696258,14,110,6.98,0,0,14:58:24,
10.827427,106.696258,14,110,6.98,0,0,14:58:28,
10.81076,106.696258,14,110,6.98,0,0,14:58:31,
10.827427,106.696258,14,110,6.98,0,0,14:58:34,
10.827427,106.696258,14,110,6.98,0,0,14:58:37,
10.81076,106.696258,14,110,6.98,0,0,14:58:43,
10.827427,106.696258,15,95,6.98,0,0,14:58:46,
10.827427,106.696258,15,95,6.98,0,0,14:58:49,
10.827427,106.696258,15,95,6.98,0,0,14:58:53,
10.827427,106.696258,15,95,6.98,0,0,14:59:00,
10.827427,106.696258,15,95,6.98,0,0,14:59:03,
10.827427,106.696258,15,95,6.98,0,0,14:59:07,
10.827427,106.696258,16,0,6.98,0,0,14:59:14,
10.827427,106.696258,16,85,6.98,0,0,14:59:17,
10.827427,106.696243,16,85,6.98,0,0,14:59:25,
10.827427,106.696258,16,85,6.98,0,0,14:59:33,
10.827427,106.696258,15,95,6.98,0,0,14:59:37,
10.827427,106.696258,15,95,6.98,0,0,14:59:43,
10.827427,106.696258,14,110,6.98,0,0,14:59:48,
10.827427,106.696258,14,110,6.98,0,0,14:59:52,
10.827427,106.696243,14,110,6.98,0,0,14:59:55,
10.827427,106.696258,14,110,6.98,0,0,14:59:58,
10.827427,106.696258,13,116,6.98,0,0,15:00:04,
10.827427,106.696258,13,116,6.98,0,0,15:00:08,
10.827427,106.696258,14,102,6.98,0,0,15:00:14,
10.827427,106.696258,14,102,6.98,0,0,15:00:20,
10.827427,106.696258,14,102,6.98,0,0,15:00:23,
0.827427,106.696258,14,102,6.98,0,0,15:00:27,
10.827427,106.696258,14,102,6.98,0,0,15:00:31,
10.827427,106.696258,14,102,6.98,0,0,15:00:35,
10.827427,106.696258,14,102,6.98,0,0,15:00:38,
10.827427,106.696258,14,107,6.98,0,0,15:00:46,
10.827427,106.696258,14,107,6.98,0,0,15:00:49,
10.827427,106.696258,14,107,6.98,0,0,15:00:55,
10.827427,106.696258,14,106,6.98,0,0,15:00:58,
10.827427,106.696258,14,106,6.98,0,0,15:01:08,
10.827427,106.696258,14,106,6.98,0,0,15:01:11,
10.827427,106.696258,15,100,6.98,0,0,15:01:14,
10.827427,106.696258,15,100,6.98,0,0,15:01:19,
10.827427,106.696258,15,100,6.98,0,0,15:01:23,
10.827427,106.696258,15,100,6.88,0,0,15:01:27,
10.827427,106.696258,15,100,6.98,0,0,15:01:30,
10.827396,106.696205,15,100,6.64,0,0,15:01:34,
10.827399,106.696205,15,100,6.64,0,0,15:01:37,
10.827399,106.696205,15,100,6.64,0,0,15:01:41,
10.827399,106.696205,15,100,6.64,0,0,15:01:44,
10.827399,106.696205,15,100,6.64,0,0,15:01:47,
10.827399,106.696205,15,100,6.64,0,0,15:01:50,
10.827399,106.696205,15,99,6.64,0,0,15:01:53,
10.827399,106.696205,15,99,6.64,0,0,15:01:56,
10.827399,106.696205,14,100,6.64,0,0,15:01:59,
10.827399,106.696205,14,113,6.64,0,0,15:02:06,
10.827399,106.696205,14,113,6.64,0,0,15:02:09,
10.827399,106.696205,14,113,6.64,0,0,15:02:12,
10.827399,106.696205,14,100,6.64,0,0,15:02:15,
10.827399,106.696205,14,113,6.64,0,0,15:02:19,
10.827399,106.696205,14,113,6.64,0,0,15:02:22,
10.827399,106.696205,14,103,6.64,0,0,15:02:26,
10.827399,106.696205,14,113,6.64,0,0,15:03:29,
10.827399,106.696205,14,113,6.64,0,0,15:02:32,
10.827399,106.696205,14,113,6.64,0,0,15:02:35,
10.827399,106.696205,14,113,6.64,0,0,15:02:41,
10.827399,106.696205,14,113,6.64,0,0,15:02:44,
10.827399,106.696205,14,113,6.64,0,0,15:02:50,
10.827399,106.696205,14,113,6.64,0,0,15:02:54,
10.827399,106.696205,14,113,6.64,0,0,15:02:57,
10.827399,107.696205,14,113,6,0,0,15:03:01,
10.827399,106.696205,14,113,6.64,0,0,15:03:05,
10.827399,106.696205,15,99,6.64,0,0,15:03:11,
10.827399,106.696205,15,99,6.64,0,0,15:03:16,
0.827398,106.696205,15,99,6.64,0,0,15:03:19,
10.827399,107.696205,15,99,7.64,0,0,15:03:24,
10.827399,106.696205,14,101,6.64,0,0,15:03:27,
10.827399,106.696205,13,117,6.64,0,0,15:03:32,
0.827398,106.696205,14,101,6.64,0,0,15:03:35,
10.827399,106.696205,14,101,6.64,0,0,15:03:39,
10.827399,106.696205,14,101,6.64,0,0,15:03:43,
10.827399,106.696205,15,99,6.74,0,0,15:03:47,
10.827399,106.696205,15,99,6.64,0,0,15:03:50,
10.827414,106.696258,15,99,6.88,0,0,15:03:53,
10.827406,106.696258,15,99,6.82,0,0,15:03:56,
10.827406,106.696258,15,99,6.82,0,0,15:03:59,
10.827406,106.696258,15,99,6.82,0,0,15:04:02,
10.827406,106.696258,15,99,6.82,0,0,15:04:07,
10.827406,106.696258,15,99,6.82,0,0,15:04:11,
10.827406,106.696258,15,99,6.82,0,0,15:04:14,
10.827406,106.696258,15,99,6.82,0,0,15:04:18,
10.827406,106.696258,15,99,6.82,0,0,15:04:23,
10.827406,106.696258,15,99,6.82,0,0,15:04:26,
10.827406,106.696258,15,99,6.82,0,0,15:04:32,
10.816667,106.696258,15,99,6.82,0,0,15:04:35,
10.827406,106.696258,14,112,6.82,0,0,15:04:40,
10.829073,107.696258,14,112,6.82,0,0,15:04:44,
10.827406,106.696258,4,112,6.82,0,0,15:04:47,
10.827406,106.696258,14,112,6.82,0,0,15:04:51,
10.827406,106.696258,14,112,6.82,0,0,15:04:54,
10.827406,106.696258,14,112,6.82,0,0,15:04:59,
10.827406,106.696258,14,112,6.82,0,0,15:05:02,
10.827406,106.696258,4,112,6.82,0,0,15:05:09,
10.827406,106.696258,14,112,6.82,0,0,15:05:12,
10.827406,106.696258,14,112,6.82,0,0,15:05:18,
10.827406,106.696258,14,112,6.82,0,0,15:05:26,
10.827406,106.696258,15,99,6.82,0,0,15:05:29,
10.827406,106.696258,15,98,6.82,0,0,15:05:32,
10.827406,106.696258,15,98,6.82,0,0,15:05:35,
10.827406,106.696258,15,98,6.82,0,0,15:05:38,
10.827406,106.696258,15,98,6.82,0,0,15:05:45,
10.827406,106.696258,15,98,6.82,0,0,15:05:48,
10.827406,106.696258,15,98,6.82,0,0,15:05:51,
10.827406,106.696258,15,98,6.82,0,0,15:05:54,
10.827406,106.696258,15,98,6.82,0,0,15:05:58,
10.827406,106.696258,15,0,6.82,0,0,15:06:01,
10.827406,106.696258,15,98,6.82,0,0,15:06:04,
10.827406,106.696258,16,97,6.82,0,0,15:06:10,
10.827406,106.696258,16,97,6.82,0,0,15:06:13,
10.827406,106.683334,16,97,6.83,0,0,15:06:16,
10.829073,106.696258,16,97,6,0,0,15:06:20,
10.827406,106.696258,16,97,6.82,0,0,15:06:23,
10.827406,106.696258,15,111,6.82,0,0,15:06:26,
10.827406,106.696258,16,97,6.82,0,0,15:06:29,
10.827406,106.696258,16,97,6.82,0,0,15:06:34,
10.827406,106.696258,16,97,6.82,0,0,15:06:40,
10.827406,106.696258,16,97,6.82,0,0,15:06:43,
10.827406,106.696258,16,97,6.82,0,0,15:06:46,
10.827406,106.696258,15,106,6.82,0,0,15:06:49,
10.827406,106.683334,5,106,6.82,0,0,15:06:53,
10.827406,106.696258,15,106,6.82,0,0,15:06:56,
10.827408,106.696334,15,105,6.63,0,0,15:07:00,
10.827404,106.696342,15,105,6.49,0,0,15:07:03,
10.827404,106.696342,15,105,6.49,0,0,15:07:06,
0.827404,106.696342,15,105,6.49,0,0,15:07:10,
10.827404,106.696342,15,105,6.49,0,0,15:07:13,
10.827404,106.696342,15,105,6.49,0,0,15:07:16,
10.827404,6.696343,15,105,6.49,0,0,15:07:19,
10.827404,106.696342,15,105,6.49,0,0,15:07:22,
10.827404,106.696342,15,105,6.49,0,0,15:07:25,
10.827404,6.696343,15,104,6.49,0,0,15:07:28,
10.82741,106.696365,15,105,6.3,0,0,15:07:32,
10.82741,106.696365,15,105,6.21,0,0,15:07:35,
10.816667,106.696365,15,105,6,0,0,15:07:38,
10.82741,106.696365,15,105,6.21,0,0,15:07:41,
10.82741,106.696365,15,105,6.21,0,0,15:07:44,
10.82741,106.696365,15,105,6.21,0,0,15:07:48,
10.82741,106.696365,15,105,6.21,0,0,15:07:51,
0.82741,106.696365,14,119,6.21,0,0,15:07:57,
10.82741,106.696365,14,119,6.21,0,0,15:08:00,
10.82741,106.696365,14,119,6.21,0,0,15:08:04,
10.82741,106.696365,13,121,6.21,0,0,15:08:08,
10.82741,106.696365,13,121,6.21,0,0,15:08:16,
10.810744,106.696365,13,121,7.21,0,0,15:08:19,
10.82741,106.696365,13,121,6.21,0,0,15:08:22,
10.82741,106.696365,13,121,6.21,0,0,15:08:25,
10.82741,106.696365,13,121,6.21,0,0,15:08:29,
10.827418,106.69638,13,121,6.05,0,0,15:08:34,
10.827419,106.69638,13,121,6.05,0,0,15:08:38,
10.827418,106.69638,13,121,6.05,0,0,15:08:43,
10.827418,106.69638,13,121,6.05,0,0,15:08:49,
10.827418,106.69638,14,111,6.05,0,0,15:08:53,
10.827415,106.696388,14,111,5.49,0,0,15:08:56,
10.827414,106.696388,14,111,5.5,0,0,15:08:59,
10.827414,106.696388,14,111,5.5,0,0,15:09:02,
10.827414,106.696388,14,111,5.5,0,0,15:09:07,
10.827414,106.696388,14,111,5.5,0,0,15:09:12,
10.827414,106.696388,14,111,5.5,0,0,15:09:15,
10.827414,106.696388,14,111,5.5,0,0,15:09:18,
10.827414,106.696388,15,99,5.5,0,0,15:09:21,
10.827414,106.696388,15,99,5.4,0,0,15:09:25,
10.827414,106.696388,15,99,5.5,0,0,15:09:28,
10.827414,106.696388,15,99,5.5,0,0,15:09:31,
10.827414,106.696388,15,99,5.5,0,0,15:09:34,
10.827414,106.696388,15,99,5.5,0,0,15:09:37,
10.827414,106.696388,15,99,5.5,0,0,15:09:42,
10.827414,106.696388,15,99,5.5,0,0,15:09:45,
10.827414,106.679725,15,99,5.5,0,0,15:09:48,
0.827414,106.696388,14,108,5.5,0,0,15:09:51,
10.827414,106.696388,14,108,5.5,0,0,15:09:57,
10.827414,106.696388,14,108,5.5,0,0,15:10:01,
10.827414,106.679725,14,108,5.5,0,0,15:10:04,
10.827414,106.696388,14,108,5.5,0,0,15:10:07,
10.827414,106.696388,14,108,5.5,0,0,15:10:17,
10.827414,106.696388,14,108,5.4,0,0,15:10:30,
10.827414,106.696388,14,108,5.5,0,0,15:10:25,
10.827414,106.696388,14,108,5.5,0,0,15:10:28,
10.827414,106.696388,13,121,5.5,0,0,15:10:31,
10.827414,106.696388,13,121,5.5,0,0,15:10:35,
10.827414,106.683334,14,111,5.5,0,0,15:10:43,
10.827414,106.696388,14,111,5.5,0,0,15:10:46,
10.827414,106.679725,14,111,5.5,0,0,15:10:50,
10.827414,106.696388,14,111,5.5,0,0,15:10:53,
10.827414,106.696388,14,111,5.5,0,0,15:10:57,
10.827414,106.696388,14,101,5.5,0,0,15:11:00,
10.827414,106.696388,14,111,5.5,0,0,15:11:05,
10.827414,6.696392,14,110,5.5,0,0,15:11:08,
10.827414,106.696388,14,111,5.5,0,0,15:11:11,
10.827414,106.696388,13,119,5.5,0,0,15:11:16,
10.827414,106.696388,13,119,5.5,0,0,15:11:23,
10.827414,106.696388,13,119,5.5,0,0,15:11:27,
10.827414,106.696388,13,119,5.5,0,0,15:11:30,
10.827414,106.696388,12,128,5.5,0,0,15:11:37,
10.827414,106.696388,13,109,5.5,0,0,15:11:43,
10.827414,106.696388,13,109,5.5,0,0,15:11:46,
10.827414,106.696388,13,109,5.5,0,0,15:11:49,
10.827414,106.696388,13,109,5.5,0,0,15:11:52,
10.827414,106.696388,14,104,5.5,0,0,15:11:57,
10.827414,106.696388,14,104,5.5,0,0,15:12:01,
0.827414,106.696388,14,104,5.5,0,0,15:12:06,
10.827414,106.696388,14,104,5.5,0,0,15:12:10,
10.827414,106.696388,14,104,5.5,0,0,15:12:13,
10.827414,106.696388,14,104,5,0,0,15:12:06,
10.827414,106.696388,14,104,5.5,0,0,15:12:20,
10.827414,106.696388,16,95,5.5,0,0,15:02:27,
10.827414,6.696392,16,95,5.5,0,0,15:02:32,
10.827414,106.696388,16,95,5.5,0,0,15:12:35,
10.827414,106.696388,16,95,5.5,0,0,15:12:38,
10.827414,106.696388,16,95,5.5,0,0,15:12:42,
10.827414,106.696388,16,95,5.5,0,0,15:12:46,
10.827414,106.696388,16,95,5.5,0,0,15:12:50,
10.827414,106.696388,16,95,5.4,0,0,15:12:55,
10.827414,106.696388,16,95,5.5,0,0,15:12:59,
10.827414,106.696388,16,95,5.5,0,0,15:13:07,
10.827414,106.696388,17,88,5.5,0,0,15:13:11,
10.827414,106.696388,17,88,4.5,0,0,15:13:15,
10.827414,106.696388,16,92,5.5,0,0,15:13:18,
10.827414,106.696388,17,88,5.5,0,0,15:13:21,
10.827414,106.696388,17,88,5.5,0,0,15:13:24,
10.827414,107.696388,17,88,5.5,0,0,15:13:27,
10.827414,106.696388,17,88,5.5,0,0,15:13:30,
10.816667,106.696388,16,90,4.5,0,0,15:13:34,
10.827414,106.696388,15,95,5.5,0,0,15:13:45,
10.827414,106.696388,15,95,5.5,0,0,15:13:50,
10.827414,106.696388,15,95,5.5,0,0,15:13:53,
10.827414,106.696388,15,95,5.5,0,0,15:13:56,
10.827414,106.696388,15,95,5.5,0,0,15:13:59,
10.827414,106.696388,15,95,5.5,0,0,15:14:02,
10.827414,106.696388,15,95,5.5,0,0,15:14:08,
10.827414,107.696388,15,93,5.5,0,0,15:14:16,
10.827414,106.696388,15,93,5.5,0,0,15:14:19,
10.827414,106.696388,15,93,5.5,0,0,15:14:22,
10.827414,106.696388,15,93,5.5,0,0,15:14:29,
10.827414,106.696388,15,93,5.5,0,0,15:14:35,
0.827414,106.696388,14,109,5.5,0,0,15:14:40,
10.827414,106.696388,14,109,5.5,0,0,15:14:43,
10.827414,106.696388,14,109,5.4,0,0,15:14:47,
10.827414,106.696388,14,109,5.5,0,0,15:14:49,
10.827414,106.696388,14,109,5.5,0,0,15:14:55,
10.827414,106.696388,15,97,5.5,0,0,15:14:58,
10.827414,106.696388,15,97,5.5,0,0,15:15:01,
10.827414,106.696388,15,97,5.5,0,0,15:15:05,
10.827414,106.696388,15,97,5.5,0,0,15:15:11,
10.827414,106.696388,15,97,5.5,0,0,15:15:16,
10.829081,107.696388,15,97,5.5,0,0,15:15:20,
10.827405,106.696403,15,97,5.29,0,0,15:15:24,
10.827402,106.696411,5,97,5.16,0,0,15:15:27,
10.827402,106.696411,15,97,5.16,0,0,15:15:30,
10.827402,106.696411,15,97,5.16,0,0,15:15:35,
10.827402,106.696411,15,97,5.16,0,0,15:15:39,
10.827402,106.696411,15,97,5.16,0,0,15:15:42,
10.827402,106.696411,15,97,5.16,0,0,15:15:45,
10.827402,106.696411,15,97,5.16,0,0,15:15:49,
10.827402,106.696411,15,97,5.16,0,0,15:15:52,
10.827402,106.696411,16,89,5.16,0,0,15:15:55,
10.827402,106.696411,16,89,5.16,0,0,15:15:58,
10.827402,106.696411,16,89,5.16,0,0,15:16:02,
10.827402,106.696411,16,89,5.16,0,0,15:16:05,
10.827402,106.696411,16,89,5.16,0,0,15:16:12,
10.827402,106.696411,16,89,4.16,0,0,15:16:17,
10.827402,106.696411,16,89,5.16,0,0,15:16:20,
10.827402,106.696411,16,89,5.16,0,0,15:16:23,
10.827402,106.696411,16,89,5.16,0,0,15:16:27,
0.827401,106.696411,16,89,5.16,0,0,15:16:30,
10.827402,106.696411,16,89,5.16,0,0,15:16:34,
10.827402,106.696411,16,89,5.16,0,0,15:16:37,
10.827402,106.696411,15,94,5.16,0,0,15:16:42,
10.827402,106.696411,15,94,5.16,0,0,15:16:47,
10.827402,106.696411,15,94,5.16,0,0,15:16:51,
10.827402,107.696411,16,89,5.16,0,0,15:16:58,
10.827402,106.696411,16,89,5.16,0,0,15:17:02,
10.827402,106.696411,16,89,5.16,0,0,15:17:06,
10.827402,106.696411,16,89,5.16,0,0,15:17:09,
10.827402,106.696411,16,89,5.16,0,0,15:17:16,
10.827402,107.696411,16,89,4.16,0,0,15:17:19,
10.827402,106.696411,16,89,5.16,0,0,15:17:22,
10.827402,106.696411,16,89,5.16,0,0,15:17:31,
10.827402,106.696411,16,89,5.16,0,0,15:17:34,
10.827402,106.696411,16,89,5.16,0,0,15:17:37,
10.827402,106.696411,16,89,5.16,0,0,15:07:42,
10.827402,106.696411,16,89,5.16,0,0,15:17:45,
10.827402,106.696411,16,89,5.06,0,0,15:17:48,
10.827402,106.696411,16,89,5.16,0,0,15:17:55,
10.827402,106.696411,16,89,5.16,0,0,15:18:00,
10.827402,106.696411,16,89,5.16,0,0,15:18:04,
10.827402,106.696411,16,89,5.16,0,0,15:18:07,
10.827402,106.696411,16,89,5.16,0,0,15:18:10,
10.827402,106.696411,15,94,5.16,0,0,15:18:16,
10.827402,106.696411,15,94,5.16,0,0,15:18:20,
10.827402,106.696411,15,94,5.16,0,0,15:18:25,
10.827402,106.696411,14,97,5.16,0,0,15:18:30,
10.827402,106.696411,14,97,5.16,0,0,15:18:33,
10.827402,106.696411,14,97,5.16,0,0,15:18:37,
10.827402,106.696411,14,97,5.16,0,0,15:18:40,
10.827402,106.696411,14,97,5.16,0,0,15:18:43,
10.827402,106.696411,14,97,5.16,0,0,15:18:46,
10.827402,106.696411,14,97,5.16,0,0,15:18:49,
10.827402,106.696411,15,93,5.16,0,0,15:18:57,
10.827402,106.696411,15,93,5.06,0,0,15:19:03,
10.827402,106.696411,15,93,5.16,0,0,15:19:05,
10.827402,106.696411,15,93,5.16,0,0,15:19:11,
10.827402,106.696411,15,93,5.17,0,0,15:19:17,
0.827401,106.696411,15,93,5.16,0,0,15:19:19,
10.827402,106.696411,15,93,5.16,0,0,15:19:23,
10.827402,106.696411,15,93,5.16,0,0,15:19:26,
10.827402,106.696411,15,93,5.16,0,0,15:19:30,
10.827336,106.696441,16,87,5.79,0,0,15:19:38,
10.827342,106.696464,17,87,5.73,0,0,15:19:41,
10.82737,106.69651,17,85,5.46,0,0,15:19:49,
10.827389,106.696525,17,85,5.19,0,0,15:19:52,
10.827423,106.69654,17,85,4.55,0,0,15:19:57,
10.829113,106.696533,17,85,4.1,0,0,15:20:00,
10.827471,107.696517,17,85,4.16,0,0,15:20:04,
10.827491,6.696496,17,85,4.14,0,0,15:20:07,
10.827507,106.696479,17,85,4.38,0,0,15:20:11,
10.827528,106.696441,7,85,4.86,0,0,15:20:15,
10.827554,106.696411,18,0,5.72,0,0,15:20:20,
10.827571,106.696403,18,83,6.35,0,0,15:20:23,
10.827589,106.696388,18,83,7.08,0,0,15:20:26,
10.8276,106.69638,18,83,7.84,0,0,15:20:29,
10.827607,106.69638,17,85,9.04,0,0,15:20:34,
10.82761,106.696372,16,89,9.09,0,0,15:20:38,
10.82761,106.67971,15,91,9.09,0,0,15:20:40,
10.82761,106.696372,15,91,9.09,0,0,15:20:44,
10.82761,106.696372,16,89,9.09,0,0,15:20:47,
10.82761,106.696372,16,89,9.09,0,0,15:20:52,
10.82761,106.696372,16,89,9.09,0,0,15:20:55,
10.82761,106.696372,16,89,9.09,0,0,15:20:58,
10.82761,106.696372,17,87,9.09,0,0,15:21:01,
10.82761,106.696372,17,87,9.09,0,0,15:21:07,
10.82761,106.696372,17,87,9.09,0,0,15:21:10,
10.82761,106.696372,17,87,9.09,0,0,15:21:19,
10.82761,106.696372,17,87,9.09,0,0,15:21:22,
10.810943,6.696377,17,87,9.09,0,0,15:21:26,
10.816667,107.696372,17,87,9.09,0,0,15:21:31,
10.82761,106.696372,17,87,9.09,0,0,15:21:35,
10.82761,106.696372,17,87,9.09,0,0,15:21:40,
10.82761,106.696372,17,87,9.09,0,0,15:21:47,
10.82761,106.67971,16,90,9.08,0,0,15:21:50,
10.82761,106.696372,16,89,9.09,0,0,15:21:53,
10.82761,106.696372,17,85,9.09,0,0,15:21:58,
10.82761,106.696372,16,89,9.09,0,0,15:22:01,
10.82761,106.696372,16,89,9.09,0,0,15:22:05,
10.82761,106.696372,16,89,9.09,0,0,15:22:09,
10.82761,106.696372,16,89,9.09,0,0,15:22:12,
10.82761,106.696372,16,89,9.09,0,0,15:22:17,
10.82761,106.696372,16,89,9.09,0,0,15:22:20,
0.82761,106.696372,16,89,9.09,0,0,15:22:23,
0.82761,106.696372,16,89,9.09,0,0,15:22:27,
10.82761,106.696372,15,98,9.09,0,0,15:22:30,
10.82761,106.696395,16,93,9.09,0,0,15:22:35,
10.82761,106.696372,15,105,9.09,0,0,15:22:41,
10.82761,106.696372,15,105,9.09,0,0,15:22:45,
10.82761,106.696372,15,104,9.09,0,0,15:22:50,
10.82761,106.696372,16,90,9.09,0,0,15:22:53,
10.82761,106.696372,16,90,9.09,0,0,15:22:57,
10.82761,107.696372,16,90,9,0,0,15:23:00,
0.82761,106.696372,17,82,9.09,0,0,15:23:05,
10.82761,106.696395,17,82,9.09,0,0,15:23:11,
10.82761,106.696372,17,82,9.09,0,0,15:23:14,
10.82761,106.696372,17,82,9.09,0,0,15:23:17,
10.82761,106.696372,17,82,9.09,0,0,15:23:20,
10.82761,106.696372,17,82,9.09,0,0,15:23:24,
10.82761,106.696372,17,82,9.09,0,0,15:23:35,
10.82761,106.696372,17,82,9.09,0,0,15:23:38,
10.82761,106.696372,17,82,9.09,0,0,15:23:41,
10.82761,106.696372,17,82,9.09,0,0,15:23:44,
10.82761,106.696372,17,82,9.09,0,0,15:23:47,
10.82761,106.696372,17,82,9.09,0,0,15:23:52,
10.82761,106.696372,17,82,9.09,0,0,15:23:55,
10.82761,106.696372,17,82,9.09,0,0,15:24:01,
10.82761,106.696372,17,82,9.09,0,0,15:24:05,
10.82761,106.696372,17,82,9.09,0,0,15:24:08,
10.82761,106.696372,17,82,9.09,0,0,15:24:12,
10.82761,106.696372,17,82,9.09,0,0,15:24:15,
10.82761,106.696372,17,82,9.09,0,0,15:24:18,
10.82761,106.696372,17,82,9.09,0,0,15:24:22,
10.82761,6.696377,17,83,9.09,0,0,15:24:26,
10.82761,106.696372,17,82,9.09,0,0,15:24:30,
10.82761,106.696372,17,82,9.09,0,0,15:24:34,
10.829277,107.696372,17,82,9.09,0,0,15:24:37,
10.82761,106.696372,17,82,9.09,0,0,15:24:40,
10.827444,106.696372,17,82,9.09,0,0,15:24:43,
10.82761,106.696372,17,82,9.09,0,0,15:24:51,
10.82761,106.696372,16,97,9.09,0,0,15:24:56,
10.82761,106.696395,16,97,9.09,0,0,15:25:00,
10.82761,106.696372,16,96,9.09,0,0,15:25:04,
10.82761,106.696372,16,96,9.09,0,0,15:25:11,
10.82761,106.696372,16,96,9.09,0,0,15:25:14,
10.82761,106.696372,16,96,9.09,0,0,15:25:19,
10.827627,106.696372,16,96,9.09,0,0,15:25:22,
10.82761,106.696395,16,96,9.09,0,0,15:25:34,
10.82761,106.696372,16,96,9.09,0,0,15:25:37,
10.82761,106.696372,16,96,9.09,0,0,15:25:42,
10.82761,106.696372,16,96,9.09,0,0,15:25:46,
10.827627,106.683334,16,96,9.09,0,0,15:25:52,
10.82761,106.696372,16,96,9.09,0,0,15:25:55,
10.82761,106.696372,15,100,9.09,0,0,15:25:58,
10.827521,106.696388,15,100,9.52,0,0,15:26:02,
10.827519,106.696388,16,96,9.54,0,0,15:26:06,
10.827519,106.696388,16,96,9.54,0,0,15:26:09,
10.810853,106.696388,16,96,9.54,0,0,15:27:12,
10.827519,106.696388,17,96,9.54,0,0,15:26:16,
10.810853,106.696388,17,82,9.54,0,0,15:26:19,
10.827519,106.696388,17,82,9.54,0,0,15:26:22,
10.827519,106.696388,17,83,9.54,0,0,15:26:25,
10.827519,106.696388,17,83,9.54,0,0,15:26:29,
10.827519,106.696388,17,83,8.54,0,0,15:36:32,
10.827502,106.696388,17,83,9.54,0,0,15:26:35,
10.827519,106.696388,16,86,9.54,0,0,15:26:39,
10.827502,106.683334,17,83,9.54,0,0,15:26:42,
10.827519,106.696388,16,86,9.54,0,0,15:26:45,
10.827519,106.696388,17,83,9.54,0,0,15:26:48,
10.827519,106.696388,15,93,9.54,0,0,15:26:51,
10.827519,106.696388,15,93,9.54,0,0,15:26:54,
10.827519,106.696388,15,93,9.54,0,0,15:26:57,
10.827519,106.696388,15,93,9.54,0,0,15:27:01,
10.827519,106.696388,15,93,9.54,0,0,15:27:05,
10.827519,106.696388,15,95,9.54,0,0,15:27:08,
10.827519,106.696388,15,95,9.54,0,0,15:27:14,
10.827519,107.696388,16,86,9,0,0,15:27:18,
10.827519,106.696388,16,86,9.54,0,0,15:27:21,
10.827352,106.696388,16,86,9.54,0,0,15:27:28,
0.827518,106.696388,16,86,9.54,0,0,15:27:31,
10.816667,107.696388,16,86,9.54,0,0,15:27:34,
10.827519,106.696388,16,86,9.54,0,0,15:27:37,
10.827519,106.696388,16,86,9.54,0,0,15:27:40,
10.827352,106.696388,16,86,9.54,0,0,15:27:43,
10.827519,106.679725,15,108,9.54,0,0,15:27:46,
10.827519,106.696388,15,94,9.54,0,0,15:27:50,
10.827519,106.696388,15,94,9.54,0,0,15:27:54,
10.827519,106.683334,15,94,9.54,0,0,15:27:57,
10.827519,106.696388,15,94,9.54,0,0,15:28:00,
10.827519,107.696388,15,94,8.54,0,0,15:28:03,
10.827519,106.696388,15,94,9.54,0,0,15:28:12,
10.827519,106.683334,16,91,9.54,0,0,15:28:15,
10.827519,106.696388,16,91,9.54,0,0,15:28:19,
10.827519,106.696388,16,91,9.54,0,0,15:28:23,
10.827519,106.696388,15,94,9.54,0,0,15:28:27,
10.827519,106.696388,16,84,9.54,0,0,15:28:30,
0.827518,106.696388,15,87,9.54,0,0,15:28:35,
10.827519,106.696388,15,87,9.54,0,0,15:28:38,
10.827519,106.696388,16,80,9.54,0,0,15:28:43,
10.827519,106.696388,16,80,9.54,0,0,15:28:47,
10.827519,106.696388,16,80,9.54,0,0,15:28:50,
10.827519,106.696388,15,82,9.54,0,0,15:28:55,
10.827519,106.696388,15,82,9.54,0,0,15:28:58,
10.827519,106.696388,16,80,9.54,0,0,15:29:01,
10.827519,106.696388,15,82,9.54,0,0,15:29:04,
10.827519,106.696388,16,80,9.54,0,0,15:29:07,
0.827518,106.696388,16,0,9.54,0,0,15:29:15,
10.827519,106.696388,16,80,9.54,0,0,15:29:18,
10.827519,106.696388,16,80,9.54,0,0,15:29:21,
10.827519,106.696388,16,80,9.54,0,0,15:29:24,
10.827519,106.696388,16,80,9.54,0,0,15:29:28,
10.827519,106.696388,16,80,9.54,0,0,15:29:31,
10.827519,106.679725,16,80,9.54,0,0,15:29:34,
10.827519,106.696388,16,80,9.54,0,0,15:29:41,
10.827431,106.696365,16,80,9.69,0,0,15:29:45,
10.827431,106.696357,16,80,9.71,0,0,15:29:48,
10.827431,106.696357,16,80,9.71,0,0,15:29:51,
10.827431,106.696357,16,80,9.71,0,0,15:29:54,
10.827431,106.696357,16,80,9.71,0,0,15:30:02,
10.827431,106.696357,16,88,9.71,0,0,15:30:07,
10.827431,106.696357,16,88,9.71,0,0,15:30:11,
10.827431,106.696357,16,88,9.71,0,0,15:30:14,
10.827431,106.696357,17,88,9.71,0,0,15:30:17,
10.827431,106.696357,16,88,9.71,0,0,15:30:20,
10.827431,106.696357,17,78,9.71,0,0,15:30:25,
10.827431,106.696357,16,80,9.71,0,0,15:30:28,
10.827431,107.696357,17,78,9,0,0,15:30:32,
10.827431,106.696357,17,78,9.71,0,0,15:30:35,
10.827431,106.696357,17,78,9.71,0,0,15:30:39,
10.8274,106.696319,17,78,9.77,0,0,15:30:46,
10.827394,106.696311,18,76,9.74,0,0,15:30:50,
10.827393,106.696311,18,76,9.75,0,0,15:30:54,
10.827393,106.696311,18,76,9.75,0,0,15:30:57,
10.827393,106.696311,18,76,9.75,0,0,15:31:00,
10.810727,6.696315,18,76,9.75,0,0,15:31:04,
10.827393,106.696311,18,76,9.75,0,0,15:31:07,
10.827393,106.696311,18,76,9.75,0,0,15:31:10,
10.827393,106.696311,18,76,9.75,0,0,15:31:14,
10.827393,106.696311,18,76,9.75,0,0,15:31:18,
10.827393,106.696311,19,74,9.75,0,0,15:31:21,
10.816667,107.696311,19,74,9.75,0,0,15:31:24,
10.827393,106.696311,18,80,9.75,0,0,15:31:36,
10.827393,106.696311,17,81,9.75,0,0,15:31:39,
10.827393,106.696311,17,81,9.75,0,0,15:31:46,
10.827393,106.696311,17,81,9.75,0,0,15:31:51,
10.827393,106.696311,16,82,9.75,0,0,15:31:54,
0.827393,106.696311,17,81,9.75,0,0,15:31:57,
10.827393,106.696311,17,81,9.75,0,0,15:32:00,
10.827393,106.696311,17,81,9.75,0,0,15:32:03,
10.827393,106.696311,17,81,9.75,0,0,15:32:06,
0.827393,106.696311,17,81,9.75,0,0,15:32:09,
10.827393,106.696311,17,81,9.75,0,0,15:32:12,
10.827393,106.696311,16,94,9.75,0,0,15:32:15,
10.82738,106.696357,16,94,10.14,0,0,15:32:22,
10.82905,106.696357,17,82,10.22,0,0,15:32:25,
10.827383,106.696357,17,82,10.22,0,0,15:32:28,
10.827383,106.696357,17,82,10.22,0,0,15:32:31,
10.827383,106.696357,17,82,10.22,0,0,15:32:34,
10.827383,106.696357,17,82,10.22,0,0,15:32:38,
10.827383,106.696357,17,82,10.22,0,0,15:32:41,
10.827383,106.696357,17,81,10.22,0,0,15:32:46,
10.82905,107.696357,16,94,10.22,0,0,15:32:49,
10.827383,106.696357,17,81,10.22,0,0,15:32:54,
10.827383,106.696357,17,81,10.22,0,0,15:32:58,
10.827383,106.696357,17,81,10.22,0,0,15:33:01,
10.827383,106.696357,17,81,10.22,0,0,15:33:04,
10.827383,106.696357,16,90,10.22,0,0,15:33:07,
0.827382,106.696357,16,90,10.22,0,0,15:33:10,
10.827383,106.696357,16,90,10.22,0,0,15:33:14,
10.827399,106.696357,16,90,10.22,0,0,15:33:17,
10.827383,106.696357,15,92,10.22,0,0,15:33:21,
10.827383,106.696357,15,92,10.22,0,0,15:33:24,
10.82905,107.696357,17,81,10.22,0,0,15:33:31,
10.827383,106.696357,16,90,10.22,0,0,15:33:38,
10.827383,106.696357,17,81,10.22,0,0,15:33:42,
0.827382,106.696357,17,81,10.22,0,0,15:33:45,
10.827383,106.696357,17,81,10.22,0,0,15:33:53,
10.827383,106.696357,17,81,10.22,0,0,15:33:58,
10.827383,106.696357,17,81,10.22,0,0,15:34:01,
10.827383,106.696357,16,93,10.22,0,0,15:34:11,
10.827383,106.696357,16,93,10.22,0,0,15:34:14,
10.827383,106.696357,15,102,10.22,0,0,15:34:17,
10.827383,106.696357,15,102,10.22,0,0,15:34:20,
10.827383,106.696357,15,102,10.22,0,0,15:34:23,
10.827383,106.696357,15,102,10.22,0,0,15:34:26,
10.827383,106.696357,15,0,10.22,0,0,15:34:29,
10.827383,106.696357,15,87,10.22,0,0,15:34:33,
10.827383,106.696357,16,80,10.22,0,0,15:34:38,
10.827383,106.696357,16,80,10.22,0,0,15:34:43,
10.827383,106.696357,16,80,10.22,0,0,15:34:46,
10.827383,106.696357,17,78,10.22,0,0,15:34:51,
10.827383,106.696357,17,78,10.22,0,0,15:34:54,
10.827383,106.696357,17,78,10.22,0,0,15:34:59,
10.82905,106.696357,17,78,10.22,0,0,15:35:03,
10.827383,106.696357,17,78,10.22,0,0,15:35:06,
10.827383,106.696357,17,78,10.22,0,0,15:35:09,
10.827383,106.696357,17,78,10.22,0,0,15:35:13,
10.827383,106.696357,17,78,10.22,0,0,15:35:16,
0.827382,106.696357,17,78,10.22,0,0,15:35:20,
10.827383,106.696357,16,80,10.22,0,0,15:35:24,
10.827383,106.696357,17,78,10.22,0,0,15:35:27,
10.827383,106.696357,17,78,10.22,0,0,15:35:32,
10.827383,106.696357,17,78,10.22,0,0,15:35:39,
10.827383,106.696357,17,78,10.22,0,0,15:35:42,
10.827383,106.696357,17,78,10.22,0,0,15:35:45,
10.827383,106.696357,17,78,10.22,0,0,15:35:48,
10.827383,106.696357,17,78,10.22,0,0,15:35:51,
10.827383,106.696357,17,86,10.22,0,0,15:35:54,
10.827383,106.696357,17,86,10.22,0,0,15:35:57,
10.827383,106.696357,17,86,10.22,0,0,15:36:00,
10.827383,106.696357,17,86,10.22,0,0,15:36:03,
10.827383,106.696357,17,86,10.22,0,0,15:36:11,
0.827382,106.696357,17,86,10.22,0,0,15:36:14,
10.827383,107.696357,17,86,0.22,0,0,15:36:18,
10.827383,106.696357,15,101,10.22,0,0,15:36:24,
10.827383,106.696357,15,101,10.22,0,0,15:36:28,
10.827383,106.696357,15,101,10.22,0,0,15:36:34,
10.827383,106.696357,15,101,10.22,0,0,15:36:44,
10.827383,106.696357,15,101,10.22,0,0,15:36:48,
10.827383,106.696357,15,101,10.22,0,0,15:36:51,
10.827383,106.696357,16,90,10.22,0,0,15:36:54,
10.827383,106.696342,16,90,10.22,0,0,15:36:58,
10.827383,106.696357,16,90,10.22,0,0,15:37:03,
10.827383,106.696357,16,90,10.22,0,0,15:37:07,
10.827383,106.696357,16,90,10.22,0,0,15:37:14,
10.827383,106.696357,16,90,10.22,0,0,15:37:17,
10.827383,106.696342,16,90,10.22,0,0,15:37:21,
10.816667,106.696357,16,90,10.22,0,0,15:37:24,
10.827383,106.696357,15,93,10.22,0,0,15:37:28,
10.827383,106.696357,15,93,10.22,0,0,15:37:31,
10.827383,106.696357,15,93,10.22,0,0,15:37:37,
10.827383,106.696357,15,93,10.22,0,0,15:37:40,
10.827383,106.696357,15,93,10.22,0,0,15:37:44,
10.827383,106.696357,15,93,10.22,0,0,15:37:48,
10.827383,106.696357,15,93,10.22,0,0,15:37:55,
10.827383,106.696357,15,0,10.22,0,0,15:37:59,
10.827383,106.696357,16,89,10.22,0,0,15:38:04,
10.827445,106.696426,16,89,10.23,0,0,15:38:07,
10.827445,106.696426,16,89,10.28,0,0,15:38:10,
10.827445,106.696426,16,89,10.28,0,0,15:38:15,
10.827445,106.696426,17,86,10.28,0,0,15:38:18,
10.827445,106.696426,17,86,10.28,0,0,15:38:21,
10.827445,106.696426,17,86,10.28,0,0,15:38:24,
10.827445,106.696426,17,86,10.28,0,0,15:38:27,
10.827462,106.683334,17,86,10.28,0,0,15:38:30,
10.827445,106.696426,17,86,10.28,0,0,15:38:35,
10.827445,106.696426,17,0,10.28,0,0,15:38:38,
10.827445,106.696426,17,86,10.28,0,0,15:38:43,
10.827445,106.696426,17,86,10.28,0,0,15:38:48,
10.827445,106.696426,17,86,10.28,0,0,15:38:52,
10.827445,106.696426,17,86,10.28,0,0,15:38:58,
0.827444,106.696426,16,90,10.28,0,0,15:39:01,
10.827445,106.696426,15,100,10.28,0,0,15:39:04,
10.827445,106.696426,15,100,10.28,0,0,15:39:09,
10.827445,106.696426,14,100,10.28,0,0,15:39:12,
10.827462,106.696426,5,100,10.28,0,0,15:39:16,
10.827445,106.696426,15,100,10.28,0,0,15:39:19,
10.827445,107.696426,15,100,10.28,0,0,15:39:32,
10.827445,106.696426,15,100,10.28,0,0,15:39:27,
10.827445,106.696426,15,100,10.28,0,0,15:39:30,
10.827445,106.696426,16,90,10.28,0,0,15:39:34,
10.827445,106.696426,16,90,10.28,0,0,15:39:37,
10.827445,106.696426,16,90,10.28,0,0,15:39:40,
10.827445,106.696426,16,90,10.28,0,0,15:39:46,
10.827445,106.696426,16,90,10.28,0,0,15:39:49,
10.827445,106.696426,17,86,10.28,0,0,15:39:54,
10.827445,106.696426,17,86,10.28,0,0,15:39:58,
10.827445,106.696426,17,86,10.28,0,0,15:40:01,
10.827445,106.696426,17,86,10.28,0,0,15:40:04,
10.827445,106.696426,17,86,10.28,0,0,15:40:07,
10.827445,106.696426,17,86,10.28,0,0,15:40:11,
10.827445,106.696426,17,86,10.28,0,0,15:40:14,
10.827445,106.696426,17,86,10.28,0,0,15:40:17,
10.827445,106.696426,17,86,10.28,0,0,15:40:21,
10.827445,106.696426,17,86,10.38,0,0,15:40:25,
10.827445,106.696426,17,86,10.28,0,0,15:40:29,
10.827445,106.696426,17,86,10.28,0,0,15:40:36,
10.827445,106.696426,17,86,10.28,0,0,15:40:39,
10.827445,106.696426,17,86,10.28,0,0,15:40:42,
10.827445,106.696426,17,86,10.28,0,0,15:40:45,
10.827445,106.696426,17,86,10.28,0,0,15:40:50,
10.827445,106.696426,17,86,10.28,0,0,15:40:53,
10.827445,106.696426,17,86,10.28,0,0,15:40:56,
10.827445,106.696426,17,86,10.28,0,0,15:40:59,
10.827445,106.696426,17,86,10.28,0,0,15:41:02,
10.827445,106.696426,17,86,10.28,0,0,15:41:05,
10.827445,106.696426,17,86,10.28,0,0,15:41:08,
10.827445,106.696426,17,86,10.28,0,0,15:41:12,
10.827445,106.696426,17,87,10.28,0,0,15:41:15,
10.827445,106.696426,17,86,10.28,0,0,15:41:20,
10.827445,106.696426,17,86,10.28,0,0,15:41:28,
10.827445,106.696426,17,86,10.28,0,0,15:41:32,
10.827445,106.696426,17,86,10.28,0,0,15:41:35,
10.827445,106.696426,17,86,10.28,0,0,15:41:39,
10.827445,106.696426,17,86,10.28,0,0,15:41:42,
10.827445,106.696426,18,83,10.28,0,0,15:41:47,
10.827445,106.696426,18,83,10.28,0,0,15:41:50,
10.827445,106.696426,18,83,10.28,0,0,15:42:02,
10.816667,107.696426,18,83,10.28,0,0,15:42:05,
10.827445,106.696426,18,0,10.28,0,0,15:42:09,
10.827445,106.696426,18,83,10.28,0,0,15:42:13,
10.827445,106.696426,17,86,10.28,0,0,15:42:16,
10.827445,106.696426,17,86,10.28,0,0,15:42:22,
10.827445,106.696426,18,83,10.28,0,0,15:42:25,
10.827445,106.696426,17,86,10.28,0,0,15:42:28,
10.827445,106.696426,16,87,10.28,0,0,15:42:31,
10.827445,106.696426,17,86,10.28,0,0,15:42:37,
10.827445,106.696426,6,87,10.28,0,0,15:42:40,
10.827445,106.696426,16,87,10.28,0,0,15:42:43,
10.827445,106.696426,16,87,10.28,0,0,15:42:46,
10.827445,106.696426,16,87,10.28,0,0,15:42:49,
10.827445,106.696426,16,87,10.28,0,0,15:42:53,
10.827445,106.696426,16,87,10.28,0,0,15:42:58,
10.827445,106.696426,16,87,10.28,0,0,15:43:02,
10.827445,106.696426,16,87,10.28,0,0,15:43:06,
10.827445,106.696426,17,87,10.28,0,0,15:43:12,
10.827445,106.696426,16,87,10.28,0,0,15:43:15,
10.827445,106.696426,16,87,10.28,0,0,15:43:18,
10.827445,106.696426,17,83,10.28,0,0,15:43:23,
10.827445,106.696426,17,83,10.28,0,0,15:43:26,
10.827445,106.696426,17,83,10.28,0,0,15:43:29,
10.827445,106.696426,17,83,10.28,0,0,15:43:32,
10.827445,106.696426,18,83,10.28,0,0,15:43:42,
10.827445,106.696426,17,83,10.28,0,0,15:43:45,
10.827445,106.696426,16,87,10.28,0,0,15:43:48,
10.827445,106.696426,16,90,10.28,0,0,15:43:52,
10.829112,106.696426,16,90,10.28,0,0,15:43:54,
10.827445,106.696426,16,90,10.28,0,0,15:43:58,
10.827445,106.696426,17,80,10.28,0,0,15:44:05,
10.827445,106.696426,17,80,10.28,0,0,15:44:08,
10.827445,106.696426,17,80,10.28,0,0,15:44:11,
10.827445,106.696426,16,90,10,0,0,15:44:17,
10.827445,106.696426,17,86,10.28,0,0,15:44:20,
10.827445,106.696426,17,86,10,0,0,15:44:24,
10.827445,106.696426,16,90,10.28,0,0,15:44:28,
10.827445,106.696426,17,86,10.28,0,0,15:44:31,
10.827445,106.696426,17,86,10.28,0,0,15:44:37,
10.827445,106.696426,17,86,10.28,0,0,15:44:41,
10.827445,106.696426,17,86,10.28,0,0,15:44:44,
10.827445,106.696426,17,86,10.28,0,0,15:44:51,
10.827445,106.696426,17,86,10.28,0,0,15:44:56,
10.827445,106.696426,16,97,10.28,0,0,15:45:01,
10.827445,106.696426,16,97,10.28,0,0,15:45:06,
10.827445,106.696426,16,97,10.28,0,0,15:45:09,
10.827445,106.696426,15,100,10.28,0,0,15:45:13,
10.827445,106.696426,15,100,10.28,0,0,15:45:18,
10.827445,106.696426,14,100,10.28,0,0,15:45:24,
10.827445,107.696426,15,100,0.28,0,0,15:45:28,
10.827445,106.696426,15,100,10.28,0,0,15:45:31,
10.827445,106.696426,15,100,10.28,0,0,15:45:34,
10.827445,106.696426,15,100,10.28,0,0,15:45:39,
10.827445,106.696426,15,100,10.28,0,0,15:45:43,
10.827445,106.696426,15,100,10.28,0,0,15:45:48,
10.827445,106.696426,15,100,10.28,0,0,15:45:52,
10.827445,106.696426,15,100,10.28,0,0,15:45:55,
10.827445,106.696426,15,100,10.28,0,0,15:45:58,
10.827445,106.696426,15,100,10.28,0,0,15:46:01,
10.827445,106.696426,15,100,10.28,0,0,15:46:04,
10.827445,106.696426,15,100,10.28,0,0,15:46:09,
10.827445,106.696426,15,100,10.28,0,0,15:46:13,
10.810778,6.696425,15,100,10.28,0,0,15:46:16,
10.827445,106.696426,15,100,10.28,0,0,15:46:21,
10.827445,106.696426,15,100,10.28,0,0,15:46:31,
10.827445,106.696426,15,0,10.28,0,0,15:46:36,
10.827445,106.696426,15,99,10.28,0,0,15:46:39,
10.827445,106.696426,15,99,10.28,0,0,15:46:42,
10.827445,106.696426,15,99,10.28,0,0,15:46:45,
10.827445,106.696426,15,99,10.28,0,0,15:46:48,
10.827445,106.696426,15,99,10.28,0,0,15:46:52,
10.827445,107.696426,15,99,10.28,0,0,15:47:55,
10.827445,106.696426,16,91,10.28,0,0,15:46:58,
10.827445,106.696426,16,91,10.28,0,0,15:47:02,
10.827462,106.696426,5,99,10.28,0,0,15:47:09,
10.827445,106.696426,16,91,10.28,0,0,15:47:12,
10.827445,106.696426,16,97,10.28,0,0,15:47:15,
10.827445,106.696426,16,97,10.28,0,0,15:47:18,
10.827445,106.696426,16,97,10.28,0,0,15:47:24,
10.827475,106.696342,17,88,7.67,0,0,15:47:27,
10.827475,106.696342,17,88,7.73,0,0,15:47:31,
10.827475,106.696342,17,88,7.73,0,0,15:47:34,
10.827475,106.696342,17,88,7.73,0,0,15:47:39,
10.827475,106.696342,17,88,7.73,0,0,15:47:43,
10.827475,106.696342,18,82,7.73,0,0,15:47:46,
10.827475,106.696342,18,82,7.73,0,0,15:47:50,
10.827475,106.696342,17,91,7.73,0,0,15:47:55,
10.827475,106.696342,17,91,7.73,0,0,15:47:59,
10.827475,106.696342,17,91,7.73,0,0,15:48:02,
10.827475,106.696342,18,82,7.73,0,0,15:48:05,
10.827475,106.696342,18,82,7.73,0,0,15:48:09,
10.827475,106.696342,16,94,7.73,0,0,15:48:12,
10.827475,106.696342,17,91,7.73,0,0,15:48:17,
10.827475,106.696342,17,0,7.73,0,0,15:48:23,
10.827475,106.696342,17,91,7.73,0,0,15:48:26,
10.827475,106.696342,17,91,7.73,0,0,15:48:31,
10.827475,106.696342,16,92,7.73,0,0,15:48:34,
10.827475,106.696342,17,91,7.73,0,0,15:48:37,
10.827475,106.696342,16,92,7.73,0,0,15:48:40,
10.827475,106.696342,16,92,7.73,0,0,15:48:43,
10.827475,107.696342,17,91,7.73,0,0,15:48:47,
10.827475,106.696342,17,91,7.73,0,0,15:48:50,
10.827475,106.696342,17,81,7.73,0,0,15:48:53,
10.827475,106.696342,17,91,7.73,0,0,15:48:56,
10.827475,106.696342,18,82,7.73,0,0,15:48:59,
10.827475,106.696342,17,91,7.73,0,0,15:49:02,
10.827475,106.696342,18,82,7.73,0,0,15:49:05,
10.827475,106.696342,18,82,7.73,0,0,15:49:08,
10.827475,106.696342,18,82,7.73,0,0,15:49:11,
10.810809,106.696342,18,82,7.73,0,0,15:49:14,
10.827475,106.696342,18,82,7.73,0,0,15:49:17,
10.827475,106.696342,18,82,7.73,0,0,15:49:21,
10.827475,106.683334,18,82,7.73,0,0,15:49:26,
10.827475,106.696342,18,82,7.73,0,0,15:49:29,
10.827475,106.696342,18,82,7.73,0,0,15:49:32,
10.827475,106.696342,18,82,7.73,0,0,15:49:38,
10.827475,106.696342,18,82,7.73,0,0,15:49:41,
10.827475,106.696342,18,82,7.73,0,0,15:49:45,
10.827475,106.696342,18,82,7.73,0,0,15:49:49,
10.827475,106.696342,16,92,7.73,0,0,15:49:55,
10.827475,106.696342,17,90,7.73,0,0,15:49:58,
10.827475,106.696342,17,90,7.73,0,0,15:50:01,
10.827475,106.696342,16,92,7.73,0,0,15:50:04,
10.827475,106.696342,16,92,7.73,0,0,15:50:07,
10.827475,106.696342,17,90,7.73,0,0,15:50:10,
10.827475,106.696342,17,90,7.73,0,0,15:50:13,
10.827475,106.696342,17,90,7.73,0,0,15:50:17,
10.827475,6.696341,17,90,7.73,0,0,15:40:20,
10.827475,106.696342,17,90,7.73,0,0,15:50:23,
10.827475,106.696342,17,90,7.73,0,0,15:50:26,
10.827475,106.683334,16,97,7.73,0,0,15:50:30,
10.827475,106.696342,16,97,7.73,0,0,15:50:33,
10.827475,6.696341,16,97,7.73,0,0,15:40:36,
10.827475,106.696342,16,97,7.73,0,0,15:50:42,
10.827475,106.696342,16,97,7.73,0,0,15:50:45,
10.827475,106.696342,16,97,7.73,0,0,15:50:50,
10.827475,106.696342,16,97,7.73,0,0,15:50:53,
10.827475,106.696342,16,97,7.73,0,0,15:51:00,
10.827475,106.696342,16,97,7.73,0,0,15:50:06,
10.827475,106.696342,16,97,7.73,0,0,15:51:09,
10.827475,106.696342,16,97,7.73,0,0,15:51:12,
10.827475,106.696342,16,97,7.73,0,0,15:51:18,
10.827475,106.696342,16,97,7.73,0,0,15:51:21,
10.827475,106.696342,16,97,7.73,0,0,15:51:24,
0.827475,106.696342,16,97,7.73,0,0,15:51:28,
10.827475,106.696342,15,98,7.73,0,0,15:51:31,
10.827475,106.696342,15,98,7.73,0,0,15:51:34,
10.827475,106.696342,15,98,7.73,0,0,15:51:37,
10.827475,106.696342,15,98,7.73,0,0,15:51:42,
10.827475,106.696342,16,96,7.73,0,0,15:51:46,
10.810809,106.696342,16,96,7.73,0,0,15:51:49,
10.827475,106.696342,17,90,7.73,0,0,15:51:52,
10.827475,106.696342,16,96,7.73,0,0,15:51:57,
10.827475,106.696342,17,90,7.73,0,0,15:52:02,
10.827475,106.696342,17,90,7.73,0,0,15:52:05,
10.827475,106.696342,17,90,7.73,0,0,15:52:14,
10.827475,106.696342,17,90,7.73,0,0,15:52:17,
10.827475,106.696342,17,0,7.73,0,0,15:52:21,
10.827475,106.696342,17,90,7.73,0,0,15:52:24,
10.827475,106.696342,17,90,7.73,0,0,15:52:27,
10.827475,106.696342,17,90,7.73,0,0,15:52:30,
10.827475,106.696342,17,90,7.73,0,0,15:52:33,
10.810809,106.696342,17,90,7.73,0,0,15:42:37,
0.827475,106.696342,17,90,7.73,0,0,15:52:41,
10.827445,106.696243,18,81,8.01,0,0,15:52:48,
10.827445,106.696243,18,81,8.04,0,0,15:52:51,
10.827445,106.696243,17,90,8.04,0,0,15:52:54,
10.827445,106.696243,17,90,8.04,0,0,15:52:57,
10.827445,106.696243,16,90,8.04,0,0,15:43:02,
10.827445,106.696243,16,90,8.04,0,0,15:53:05,
10.827445,106.696243,16,90,8.04,0,0,15:53:09,
10.827445,106.696243,16,90,8.04,0,0,15:53:12,
10.827445,106.696243,16,90,8.04,0,0,15:53:18,
10.827455,106.696258,16,90,8.65,0,0,15:53:26,
10.827455,106.696258,16,90,8.65,0,0,15:53:29,
10.827455,106.696258,15,94,8.65,0,0,15:53:33,
10.827455,106.696258,15,94,8.65,0,0,15:53:38,
10.827455,107.696258,15,94,8,0,0,15:53:45,
10.827455,106.696258,16,93,8.65,0,0,15:53:57,
10.827455,106.696258,16,93,8.65,0,0,15:54:00,
10.827455,106.696258,16,93,8.65,0,0,15:54:04,
10.827455,106.696258,16,93,8.65,0,0,15:54:07,
10.827455,106.696258,16,93,8.65,0,0,15:54:10,
10.827455,106.696258,16,93,8.65,0,0,15:54:14,
10.827455,106.696258,16,93,8,0,0,15:54:08,
10.827455,106.696258,16,93,8.65,0,0,15:54:21,
10.827455,106.696258,16,93,8.65,0,0,15:54:24,
10.827455,106.696258,16,93,8.65,0,0,15:54:27,
10.827455,106.696258,16,93,8.65,0,0,15:54:30,
10.827455,106.696258,16,93,8.65,0,0,15:54:33,
10.827455,106.696258,16,93,8.65,0,0,15:44:36,
10.827455,106.696258,16,93,8.65,0,0,15:54:39,
10.827455,106.696258,16,93,8.65,0,0,15:54:42,
10.827457,106.696258,7,89,8.65,0,0,15:54:46,
10.827455,106.696258,17,89,8.65,0,0,15:54:49,
10.827455,106.696258,17,89,8.65,0,0,15:54:53,
10.827455,106.696258,17,89,8.65,0,0,15:54:57,
10.827455,106.696258,17,89,8.65,0,0,15:55:00,
10.827455,106.696258,17,89,8.65,0,0,15:55:03,
10.827455,106.696258,17,89,8.65,0,0,15:55:06,
10.827455,106.696258,17,89,8.65,0,0,15:55:09,
10.827455,106.696258,17,89,8.65,0,0,15:55:14,
10.827455,106.696258,16,94,8.65,0,0,15:55:17,
10.827455,106.696258,16,94,8.65,0,0,15:54:21,
10.827455,106.696258,16,94,8.65,0,0,15:45:24,
10.827455,106.696258,14,96,8.65,0,0,15:55:27,
0.827454,106.696258,13,100,8.65,0,0,15:55:30,
10.827455,106.696258,15,94,8.65,0,0,15:55:33,
10.827455,106.696258,14,105,8.65,0,0,15:55:36,
10.827455,106.696258,13,106,8.65,0,0,15:55:39,
10.827455,106.696258,13,106,8.65,0,0,15:55:42,
10.827455,106.696258,14,105,8.65,0,0,15:55:46,
10.827455,107.696258,14,105,8.65,0,0,15:55:41,
10.827455,106.696258,15,103,8.65,0,0,15:55:54,
10.827455,106.696258,15,103,8.65,0,0,15:55:58,
10.827455,106.696258,15,103,8.65,0,0,15:56:01,
10.827455,106.679588,15,103,8.64,0,0,15:56:04,
10.827455,106.696258,15,103,8.65,0,0,15:56:07,
10.827455,106.696258,15,103,8,0,0,15:56:00,
10.827455,106.696258,15,103,8.65,0,0,15:56:14,
10.827455,106.696258,14,108,8.65,0,0,15:56:18,
10.827455,106.696258,14,108,8.65,0,0,15:56:22,
10.827455,106.679588,14,108,8.65,0,0,15:56:26,
10.827455,106.696258,14,108,8.65,0,0,15:56:31,
0.827454,106.696258,14,108,8.65,0,0,15:56:34,
10.827455,106.696258,14,108,8.65,0,0,15:56:38,
10.827468,106.696228,14,108,8.87,0,0,15:56:41,
10.827473,106.696228,14,108,8.87,0,0,15:56:45,
10.827473,106.696228,14,108,8.87,0,0,15:56:48,
10.827473,106.696228,14,108,8.86,0,0,15:56:56,
10.827473,106.696212,14,108,8.84,0,0,15:56:59,
10.827474,106.696205,14,108,8.83,0,0,15:57:04,
10.827474,106.696205,13,113,8,0,0,15:57:07,
10.827474,106.696205,13,113,8.83,0,0,15:57:11,
10.827474,106.696205,13,113,8.83,0,0,15:57:14,
10.827474,106.696205,13,113,8.83,0,0,15:57:20,
10.827474,106.696205,13,113,8.83,0,0,15:57:23,
10.82748,106.696205,14,106,8.83,0,0,15:57:26,
10.827475,106.696205,14,100,9,0,0,15:57:29,
10.810808,6.696207,14,106,9,0,0,15:57:32,
10.827475,106.696205,14,102,9,0,0,15:57:38,
10.827475,106.696205,13,105,9,0,0,15:57:44,
10.827475,106.696205,14,102,9,0,0,15:57:49,
10.827475,106.696205,13,105,9,0,0,15:57:52,
10.827475,106.696205,14,102,9,0,0,15:57:55,
10.827475,106.696205,13,105,9,0,0,15:57:58,
10.827475,106.696205,14,102,9,0,0,15:58:02,
10.827475,106.696205,14,102,9,0,0,15:58:05,
10.827475,106.696205,15,98,9,0,0,15:58:10,
10.827475,106.696205,15,98,9,0,0,15:58:13,
10.827475,106.683334,15,98,9,0,0,15:58:16,
10.827475,106.696205,14,98,9,0,0,15:58:19,
10.827475,106.696205,14,98,9,0,0,15:58:22,
10.827475,106.696205,14,98,9,0,0,15:58:25,
10.827475,106.696205,14,98,9,0,0,15:58:28,
10.827475,106.696205,13,104,9,0,0,15:58:32,
10.827475,106.696205,14,98,9,0,0,15:58:38,
10.827475,106.696205,14,98,9,0,0,15:58:43,
10.827475,106.696205,14,98,9,0,0,15:58:46,
10.827475,106.696205,14,98,9,0,0,15:58:50,
10.827475,106.696205,15,97,9,0,0,15:58:53,
10.827475,106.696205,15,97,9,0,0,15:58:56,
10.827475,106.696205,15,97,9,0,0,15:59:00,
10.827475,106.696205,15,97,9,0,0,15:59:04,
10.810808,106.696205,15,97,9,0,0,15:59:08,
10.827475,106.696205,16,94,9,0,0,15:59:15,
10.827475,106.696205,16,94,9,0,0,15:49:19,
0.827474,106.696205,16,94,9,0,0,15:59:24,
10.827475,106.696205,16,94,9,0,0,15:59:27,
10.827475,106.696205,15,101,9,0,0,15:59:30,
10.827475,106.696205,15,101,9,0,0,15:59:33,
10.827475,106.69622,15,101,9,0,0,15:59:37,
10.827475,106.696205,15,100,9,0,0,15:59:43,
10.827475,106.696205,15,100,9,0,0,15:59:47,
10.827475,106.696205,14,102,9,0,0,15:59:50,
10.827475,106.696205,13,107,9,0,0,15:59:55,
10.827503,106.696166,13,112,10.25,0,0,16:00:01,
10.827495,106.696166,12,144,10.23,0,0,16:00:09,
10.827495,106.696166,12,144,10.23,0,0,16:00:12,
10.827495,106.696166,12,144,10.23,0,0,16:00:16,
10.827495,106.696166,12,144,10.23,0,0,16:00:19,
10.827479,106.696174,12,144,9.92,0,0,16:00:25,
10.827484,106.696182,12,144,9.67,0,0,16:00:29,
10.827484,106.696182,12,144,9.67,0,0,16:00:33,
10.827484,106.696182,12,144,9.67,0,0,16:00:36,
10.827484,106.679512,12,144,9.67,0,0,16:00:38,
10.827479,106.696174,13,138,9.74,0,0,16:00:43,
10.827468,106.696159,14,99,9.98,0,0,16:00:47,
10.827464,106.696151,13,107,10.2,0,0,16:00:51,
10.827465,106.696144,14,99,10.42,0,0,16:00:54,
10.82747,106.696151,14,99,10.43,0,0,16:00:58,
10.82747,106.696151,14,99,10.43,0,0,16:01:01,
10.82747,106.696151,14,99,10.43,0,0,16:01:08,
10.82747,106.696151,14,99,10.43,0,0,16:01:14,
10.82747,106.696151,13,107,10.43,0,0,16:01:17,
10.82747,106.696151,14,99,10.43,0,0,16:01:20,
10.82747,106.696151,14,99,10.43,0,0,16:01:24,
10.82747,106.696151,14,99,0.43,0,0,16:01:27,
10.82747,106.696151,14,99,0.43,0,0,16:01:32,
10.82747,106.696151,14,99,10.43,0,0,16:01:35,
10.82747,106.696151,14,99,10.43,0,0,16:01:39,
10.827468,106.696166,14,99,11.49,0,0,16:01:43,
10.827458,106.696166,14,99,12.1,0,0,16:01:47,
10.827466,106.696174,15,93,12.5,0,0,16:01:51,
10.827467,106.696174,15,93,12.5,0,0,16:01:54,
10.827451,106.696189,15,93,11.55,0,0,16:01:58,
10.810746,6.696224,15,93,9.55,0,0,16:02:03,
10.827386,106.696289,15,93,5.65,0,0,16:02:11,
10.827387,106.696304,15,93,4.05,0,0,16:02:14,
10.827391,106.696319,15,93,2.38,0,0,16:02:17,
10.827408,106.696334,15,93,-0.47,0,0,16:02:22,
10.827424,106.696334,15,93,-1.2,0,0,16:02:25,
10.827424,106.696334,15,93,-1.2,0,0,16:02:29,
10.827424,106.696334,14,93,-1.2,0,0,16:02:34,
10.827424,106.696334,14,93,-1.2,0,0,16:02:37,
10.827424,106.696334,14,93,-1.2,0,0,16:02:42,
10.827424,106.696334,13,95,-1.2,0,0,16:02:46,
10.827479,106.696311,13,95,-1.36,0,0,16:02:51,
10.827484,6.69631,13,94,-1.37,0,0,16:02:54,
10.827484,106.696311,13,95,-1.37,0,0,16:02:58,
10.827484,106.696311,13,95,-1.37,0,0,16:03:02,
10.827484,106.696311,12,99,-1.37,0,0,16:03:05,
10.827484,106.696311,12,99,-1.37,0,0,16:03:08,
10.827484,106.696311,12,99,-1.37,0,0,16:03:11,
10.827484,106.696311,13,98,-1.37,0,0,16:03:14,
10.827482,106.696311,13,99,-1.37,0,0,16:03:17,
10.827484,106.696311,13,98,-1.37,0,0,16:03:22,
10.827484,106.696311,13,98,-1.37,0,0,16:03:25,
10.827382,106.679618,13,98,-0.31,0,0,16:03:31,
10.827535,107.696258,14,96,0,0,0,16:03:41,
10.827541,106.696258,14,96,0.25,0,0,16:03:45,
10.827541,106.696258,14,96,0.25,0,0,16:03:48,
10.827541,106.696258,14,96,0,0,0,16:03:51,
10.827541,106.696258,14,96,0.25,0,0,16:03:55,
10.827541,106.696258,14,96,0.25,0,0,16:03:58,
10.827541,106.696258,14,96,0.25,0,0,16:04:02,
10.827541,106.696258,14,96,0.25,0,0,16:04:07,
10.827541,106.696258,13,100,0.25,0,0,16:04:10,
10.827541,106.696258,14,96,0.25,0,0,16:04:13,
10.827541,106.696258,14,96,0.25,0,0,16:04:16,
10.827541,106.696258,14,96,0.25,0,0,16:04:19,
10.827541,106.696258,12,127,0.25,0,0,16:04:23,
10.827541,106.696258,12,127,0.25,0,0,16:04:27,
10.827541,106.696258,12,127,0.25,0,0,16:04:31,
10.827541,106.696258,12,27,0.25,0,0,16:04:35,
10.827541,106.696258,13,123,0.25,0,0,16:04:38,
0.82754,106.696258,13,123,0.25,0,0,16:04:43,
10.827541,106.696258,13,123,0.25,0,0,16:04:46,
10.827557,106.696258,3,123,0.25,0,0,16:04:51,
10.827494,106.696235,13,123,0.63,0,0,16:04:54,
10.827495,106.696228,13,123,0.58,0,0,16:04:57,
10.827495,106.696228,12,125,0.58,0,0,16:05:01,
10.827479,106.683334,12,125,0.58,0,0,16:05:07,
10.827495,106.696228,12,125,0.58,0,0,16:05:10,
10.827495,106.696228,13,123,0.58,0,0,16:05:13,
10.827495,106.696228,13,123,0.58,0,0,16:05:21,
10.827495,106.696228,13,123,0.58,0,0,16:05:26,
10.827495,106.696228,13,123,0.58,0,0,16:05:31,
10.827495,106.696228,13,121,0.58,0,0,16:05:35,
0.827495,106.696228,14,119,0.58,0,0,16:05:38,
10.827495,106.696228,13,121,0.58,0,0,16:05:42,
10.827495,106.696228,14,119,0.58,0,0,16:05:46,
10.827495,106.696228,13,121,0.58,0,0,16:05:51,
10.827495,106.696228,13,121,0.58,0,0,16:05:54,
10.827495,106.679565,14,119,0.58,0,0,16:05:57,
10.827495,106.696228,14,119,0.58,0,0,16:06:00,
10.827495,106.696228,13,125,0.58,0,0,16:06:04,
10.827495,106.696228,12,125,0.58,0,0,16:06:07,
10.827495,106.696228,14,119,0.58,0,0,16:06:11,
10.827495,106.696228,13,121,0.58,0,0,16:06:14,
10.827495,106.696228,14,119,0.58,0,0,16:06:17,
10.827495,106.696228,14,119,0.58,0,0,16:06:21,
10.827495,106.696228,14,119,0.58,0,0,16:06:25,
10.827495,106.696228,14,119,0.58,0,0,16:06:30,
10.827495,106.696228,14,119,0.58,0,0,16:07:33,
10.827495,106.696228,13,123,0.58,0,0,16:06:40,
10.827495,106.696228,12,129,0.58,0,0,16:06:45,
10.827479,106.696228,12,129,0.58,0,0,16:06:48,
10.827495,106.696228,11,131,0.58,0,0,16:06:55,
10.827495,106.696228,13,122,0.58,0,0,16:06:58,
10.827495,106.696228,13,122,0.58,0,0,16:07:04,
10.827495,106.696228,14,95,0.58,0,0,16:07:08,
10.827495,106.696228,14,95,0.58,0,0,16:07:13,
10.827495,106.679565,14,95,0.58,0,0,16:07:17,
10.827495,106.696228,14,95,0.58,0,0,16:07:20,
10.827495,106.696228,14,0,0.58,0,0,16:07:25,
10.827495,106.696228,14,95,0.58,0,0,16:07:28,
10.827495,106.696228,14,95,0.58,0,0,16:07:32,
10.827495,106.696228,13,122,0.58,0,0,16:07:36,
10.827495,106.696228,12,124,0.58,0,0,16:07:39,
10.827495,106.696228,13,122,0.58,0,0,16:07:43,
10.827495,106.696228,13,122,0.58,0,0,16:07:46,
10.827495,106.696228,12,124,0.58,0,0,16:07:49,
10.827495,106.696228,12,123,0.58,0,0,16:07:53,
10.827495,6.696228,13,122,0.58,0,0,15:08:02,
10.827495,106.696228,12,123,0.58,0,0,16:08:05,
10.827495,6.696228,12,123,0.58,0,0,15:08:08,
10.827495,106.696228,12,123,0.58,0,0,16:08:11,
10.827495,106.696228,13,122,0.58,0,0,16:08:14,
10.827495,106.696228,13,122,0.58,0,0,16:08:17,
10.827495,106.696228,12,123,0.58,0,0,16:08:21,
10.827495,106.696228,13,122,0.58,0,0,16:08:24,
10.827495,106.696228,13,122,0.58,0,0,16:08:28,
10.827495,106.696228,13,122,0.58,0,0,16:08:31,
10.827495,106.696228,13,122,0.58,0,0,16:08:34,
10.827431,106.696166,14,118,0.62,0,0,16:08:39,
10.82743,106.696159,14,118,0.6,0,0,16:08:43,
10.82743,106.696159,14,117,0.6,0,0,16:08:52,
10.82743,106.696159,14,117,0.6,0,0,16:08:55,
10.82743,106.696159,14,117,0.6,0,0,16:09:02,
10.82743,106.696159,14,117,0.6,0,0,16:09:06,
10.82743,106.696159,14,117,0.6,0,0,16:09:11,
10.82743,106.696159,13,119,0.6,0,0,16:09:15,
10.82743,106.696159,13,119,0.6,0,0,16:09:18,
10.82743,106.696159,13,119,0.6,0,0,16:09:22,
10.82743,106.696159,13,119,0.6,0,0,16:09:26,
10.82743,106.696159,13,119,0.6,0,0,16:09:29,
10.82743,106.696159,13,119,0.6,0,0,16:09:33,
10.82743,106.696159,14,100,0.6,0,0,16:09:36,
10.82743,106.696159,14,117,0.6,0,0,16:09:39,
10.82743,106.696159,14,117,0.6,0,0,16:09:45,
10.82743,106.696159,14,117,0,0,0,16:09:48,
10.82743,106.696159,14,117,0.6,0,0,16:09:51,
10.82743,106.696159,14,117,0.6,0,0,16:09:55,
10.82743,106.696159,14,117,0.6,0,0,16:09:58,
10.82743,106.696159,14,117,0.6,0,0,16:10:03,
10.82743,106.696159,14,117,0.6,0,0,16:10:06,
10.82743,106.696159,13,141,0.6,0,0,16:10:10,
10.82743,106.696159,14,117,0.6,0,0,16:10:14,
10.827414,106.696159,14,117,0.6,0,0,16:10:23,
0.82743,106.696159,14,117,0.6,0,0,16:10:26,
10.82743,106.696159,14,117,0.6,0,0,16:10:29,
10.82743,106.696159,14,117,0.6,0,0,16:10:32,
10.82743,106.696159,14,117,0.6,0,0,16:10:35,
10.82743,106.696159,14,117,0.6,0,0,16:10:39,
10.82743,106.696159,14,117,0.6,0,0,16:10:42,
10.82743,106.696159,14,117,0.6,0,0,16:10:47,
10.82743,106.696159,14,117,0.6,0,0,16:10:52,
10.82743,106.696159,14,100,0.6,0,0,16:10:59,
10.82743,106.696159,14,117,0.6,0,0,16:11:02,
10.82743,106.696159,14,117,0.6,0,0,16:11:05,
10.82743,106.696159,14,117,0.6,0,0,16:11:09,
10.82743,106.696159,14,117,0.6,0,0,16:11:12,
10.82743,106.696159,14,117,0.6,0,0,16:11:16,
10.82743,106.696159,14,117,0.6,0,0,16:11:19,
10.82743,106.696159,14,117,0.6,0,0,16:11:22,
10.82743,106.696159,14,117,0.6,0,0,16:11:29,
10.82743,106.696159,14,117,0.6,0,0,16:11:32,
10.82743,106.696159,14,117,0.6,0,0,16:11:37,
10.82743,106.696159,14,116,0.6,0,0,16:11:43,
10.82743,106.696159,15,89,0.6,0,0,16:11:46,
10.82743,106.696159,15,89,0,0,0,16:11:50,
10.82743,106.696159,15,89,0.6,0,0,16:11:54,
10.82743,107.696159,15,89,0.6,0,0,16:11:58,
10.82743,106.696159,15,89,0.6,0,0,16:12:01,
10.82743,106.696159,15,89,0.6,0,0,16:12:05,
10.82743,106.696159,15,89,0.6,0,0,16:12:09,
10.82743,106.696159,15,89,0.6,0,0,16:12:12,
10.82743,106.696159,15,89,0.6,0,0,16:12:15,
10.82743,106.696159,15,89,0.6,0,0,16:12:18,
10.82743,106.696159,15,89,0,0,0,16:12:31,
10.82743,106.696159,14,90,0.6,0,0,16:12:24,
10.82743,106.696159,14,90,0.6,0,0,16:12:27,
10.82743,106.696159,15,89,0.6,0,0,16:12:31,
10.82743,106.696159,15,89,0.6,0,0,16:12:35,
10.82743,106.696159,13,97,0.6,0,0,16:12:40,
10.82743,106.683334,14,94,0.6,0,0,16:12:43,
10.82743,106.696159,13,97,0.6,0,0,16:12:46,
10.82743,106.696159,14,90,0.6,0,0,16:12:50,
10.82743,106.696159,14,90,0.6,0,0,16:12:54,
10.82743,106.696159,14,90,0.6,0,0,16:12:57,
10.82743,106.696159,15,88,0.6,0,0,16:13:01,
10.82743,106.696159,14,90,0.6,0,0,16:13:04,
10.82743,106.696159,15,88,0.6,0,0,16:13:10,
10.82743,106.696159,15,88,0.6,0,0,16:13:13,
10.82743,106.696159,15,88,0.6,0,0,16:13:16,
10.82743,106.696159,15,88,0.6,0,0,16:13:21,
10.82743,106.696159,15,88,0.6,0,0,16:13:25,
10.82743,106.696159,15,88,0.6,0,0,16:13:29,
0.82743,106.696159,15,88,0.6,0,0,16:13:33,
10.82743,106.696159,15,88,0.6,0,0,16:13:37,
10.82743,106.696159,15,88,0.6,0,0,16:13:40,
10.82743,106.696159,15,88,0.6,0,0,16:13:43,
10.82743,106.696159,14,89,0.6,0,0,16:13:47,
10.82743,106.696159,14,89,0.6,0,0,16:13:52,
10.82743,106.696159,14,89,0.6,0,0,16:13:59,
10.82743,106.696159,14,89,0.6,0,0,16:14:03,
10.82743,106.696159,14,89,0.6,0,0,16:14:06,
10.82743,106.696159,14,89,0.6,0,0,16:14:10,
0.82743,106.696159,14,89,0.6,0,0,16:14:13,
10.82743,106.696159,13,95,0.6,0,0,16:14:16,
10.82743,106.696159,13,95,0.6,0,0,16:14:21,
10.82743,106.696159,14,94,0.6,0,0,16:14:24,
10.82743,106.696159,14,94,0.6,0,0,16:14:29,
10.82743,106.696159,12,107,0.6,0,0,16:14:33,
10.82743,106.696159,11,157,0.6,0,0,16:14:36,
10.82743,106.696159,11,157,0.6,0,0,16:14:40,
10.82743,106.696159,10,169,0.6,0,0,16:14:43,
10.82743,106.696159,11,137,0.6,0,0,16:14:50,
10.82743,106.696159,11,136,0.6,0,0,16:14:54,
10.82743,106.696159,11,100,0.6,0,0,16:14:58,
10.82743,106.696159,11,136,0.6,0,0,16:15:01,
10.82743,106.696159,11,136,0.6,0,0,16:15:04,
10.82743,106.696159,11,136,0.6,0,0,16:15:07,
10.82743,106.696159,11,136,0.6,0,0,16:15:13,
10.82743,106.696159,11,136,0.6,0,0,16:15:17,
10.82743,106.696159,11,136,0.6,0,0,16:15:28,
10.82743,106.696159,11,136,0.6,0,0,16:15:35,
10.82743,106.696159,11,136,0.6,0,0,16:15:38,
10.82743,106.696159,11,136,0.6,0,0,16:15:41,
10.82743,106.696159,11,136,0.6,0,0,16:15:47,
10.82743,106.696159,10,135,0.6,0,0,16:15:52,
0.82743,106.696159,11,135,0.6,0,0,16:15:55,
10.82743,106.696159,12,128,0.6,0,0,16:16:00,
10.82743,106.696159,12,128,0.6,0,0,16:16:04,
10.82743,106.696159,12,128,0.6,0,0,16:16:10,
10.82743,106.696159,12,128,0.6,0,0,16:16:17,
10.82743,106.696159,13,118,0.6,0,0,16:16:21,
10.82743,106.696159,13,118,0.6,0,0,16:16:24,
10.82743,106.696159,13,100,0.6,0,0,16:16:28,
10.82743,6.69616,13,118,0.6,0,0,15:16:31,
10.827471,106.696067,13,118,0.55,0,0,16:16:34,
10.827473,106.696067,13,118,0.53,0,0,16:16:38,
10.827473,106.696067,14,92,0.53,0,0,16:16:44,
10.827473,106.696067,14,92,0.53,0,0,16:16:47,
10.827473,106.696067,14,92,0.53,0,0,16:16:50,
10.827473,106.696067,14,92,0.53,0,0,16:16:53,
10.827473,106.696067,13,98,0.53,0,0,15:16:58,
10.827473,106.696067,13,99,0.53,0,0,16:17:01,
10.827473,106.696067,13,99,0.53,0,0,16:17:05,
10.827473,106.696067,13,99,0.53,0,0,16:17:08,
10.82914,106.696067,13,99,0.53,0,0,16:17:02,
10.827473,106.696067,13,99,0.53,0,0,16:17:15,
10.827473,106.696067,13,99,0.53,0,0,16:17:19,
10.827491,106.696014,13,99,0.44,0,0,16:17:24,
10.827496,106.696006,13,99,0.39,0,0,16:17:27,
10.827499,106.696006,12,103,0.37,0,0,16:17:32,
10.827499,106.696006,12,103,0.37,0,0,16:17:35,
10.827499,6.696008,13,94,0.37,0,0,15:17:38,
10.827499,107.696006,13,93,0.37,0,0,16:17:43,
10.827499,106.696006,13,93,0.37,0,0,16:17:48,
10.810832,106.696006,13,93,0.37,0,0,16:17:51,
10.827499,106.696006,13,93,0.37,0,0,16:17:55,
10.827499,106.696006,14,91,0.37,0,0,16:18:01,
10.827499,106.696006,12,103,0.37,0,0,16:18:04,
10.827499,106.696006,14,91,0.37,0,0,16:18:12,
10.827499,106.696006,13,99,0.37,0,0,16:18:17,
10.827499,106.696006,14,94,0.37,0,0,16:18:20,
10.827499,106.696006,11,108,0.37,0,0,16:18:26,
10.827499,106.696006,12,102,0.37,0,0,16:18:38,
10.827499,106.696006,12,102,0.37,0,0,15:18:41,
10.827499,106.696006,13,99,0.37,0,0,16:18:45,
10.827499,106.696006,12,102,0.37,0,0,16:18:49,
10.827499,106.696006,13,94,0.37,0,0,16:18:53,
10.827499,106.696006,13,94,0.37,0,0,16:18:57,
10.827499,106.696006,13,99,0.37,0,0,16:19:06,
10.827499,106.696006,15,87,0.37,0,0,16:19:09,
10.827499,106.696006,14,88,0.37,0,0,16:19:12,
10.827499,106.696006,15,87,0.37,0,0,16:19:18,
10.827499,106.696006,15,87,0.37,0,0,16:19:23,
10.827499,106.696006,15,87,0.37,0,0,16:19:26,
10.827499,106.696006,15,87,0.37,0,0,16:19:29,
10.827499,106.696006,15,87,0.37,0,0,16:19:32,
10.827499,106.696006,15,87,0.37,0,0,16:19:35,
10.827499,106.696006,5,87,0.37,0,0,16:19:39,
0.827499,106.696006,15,87,0.37,0,0,16:19:46,
10.827499,106.696006,15,87,0.37,0,0,16:19:51,
10.827499,106.696006,15,87,0.37,0,0,16:19:54,
10.827499,106.696006,15,87,0.37,0,0,16:19:57,
10.827589,106.695983,15,87,-0.17,0,0,16:20:02,
10.827589,106.695983,15,87,0,0,0,16:20:05,
10.827589,106.695983,15,87,-0.17,0,0,16:20:11,
10.827589,106.695983,15,87,-0.17,0,0,16:20:04,
10.827589,106.695983,15,87,-0.17,0,0,16:20:17,
10.827589,106.695983,15,87,-0.17,0,0,16:20:20,
10.827589,106.695983,15,87,-0.17,0,0,16:20:23,
10.827589,106.695983,15,87,-0.17,0,0,16:20:26,
10.827589,106.695983,15,87,-0.17,0,0,16:20:29,
10.827589,106.695983,14,93,-0.17,0,0,16:20:39,
10.827589,106.695983,14,93,-0.17,0,0,16:20:42,
10.827589,106.695983,13,120,-0.17,0,0,16:20:45,
10.827589,106.695983,13,120,-0.17,0,0,16:20:50,
10.827589,106.695983,13,119,-0.17,0,0,16:20:53,
10.827589,106.695983,13,119,-0.17,0,0,16:20:57,
10.827571,106.683334,13,119,-0.17,0,0,16:21:00,
10.827589,106.695983,13,119,-0.17,0,0,16:21:03,
10.827589,106.695983,13,119,-0.17,0,0,16:21:09,
10.827589,106.695816,14,112,-0.17,0,0,16:21:14,
10.827589,106.695983,14,112,-0.17,0,0,16:21:18,
10.827589,106.695983,15,93,-0.17,0,0,16:21:22,
10.827589,106.695983,15,93,-0.17,0,0,16:21:26,
10.82757,106.696052,15,93,-0.19,0,0,16:21:32,
0.827554,106.69609,15,93,-0.32,0,0,16:21:37,
10.827549,106.696113,15,93,-0.42,0,0,16:21:40,
10.827544,106.696174,15,93,-0.73,0,0,16:21:47,
10.827554,106.696182,15,93,-0.88,0,0,15:21:51,
10.827557,106.696182,15,93,-0.89,0,0,16:21:55,
10.827557,106.696182,15,93,-0.89,0,0,16:21:58,
10.827573,106.696166,14,97,-0.34,0,0,16:22:04,
10.827574,106.696159,14,97,-0.1,0,0,16:22:08,
10.827574,106.696159,14,97,-0.1,0,0,16:22:11,
10.827574,106.696159,14,97,-0.1,0,0,16:22:14,
10.827574,106.696159,13,107,-0.1,0,0,16:22:23,
10.827574,106.696159,12,112,-0.1,0,0,16:22:26,
10.827574,106.696159,12,112,-0.1,0,0,16:22:29,
10.827574,106.696159,13,106,-0.1,0,0,16:22:32,
10.827574,106.696159,14,102,-0.1,0,0,16:22:35,
10.827574,106.696159,14,103,-0.1,0,0,16:22:38,
10.827574,106.696159,14,103,-0.1,0,0,16:22:42,
10.827574,107.696159,14,103,-0.1,0,0,16:22:47,
10.827574,106.683334,4,103,-0.1,0,0,16:22:50,
10.827574,106.696159,16,82,-0.1,0,0,16:22:54,
10.827574,106.696159,16,82,-0.1,0,0,16:22:57,
10.827574,106.696159,15,93,-0.1,0,0,16:23:00,
10.827574,106.696159,15,93,-0.1,0,0,16:23:04,
10.810908,6.696157,15,93,-0.1,0,0,16:23:07,
10.827574,106.696159,15,93,-0.1,0,0,16:23:10,
10.827574,106.696159,15,93,-0.1,0,0,16:23:15,
10.827574,106.696159,15,93,-0.1,0,0,16:23:20,
10.827574,106.696159,15,93,-0.1,0,0,16:23:25,
10.827574,107.696159,14,110,-0.1,0,0,16:23:38,
10.827574,106.696159,14,110,-0.1,0,0,16:23:31,
10.827574,106.696159,14,110,-0.1,0,0,16:23:36,
10.827574,106.696159,14,110,-0.1,0,0,16:23:39,
10.827574,106.696159,14,110,-0.1,0,0,16:23:42,
10.827574,106.696159,14,109,-0.1,0,0,16:23:48,
10.827574,106.696159,14,109,-0.1,0,0,16:23:51,
10.827574,106.696159,14,109,-0.1,0,0,16:23:54,
10.827574,106.696159,14,109,-0.1,0,0,16:23:57,
10.827574,107.696159,14,109,-0.1,0,0,16:24:00,
10.827574,106.696159,14,109,-0.1,0,0,16:24:04,
10.827574,106.696159,14,109,-0.1,0,0,16:24:09,
10.827574,106.696159,14,109,-0.1,0,0,16:24:12,
10.810908,106.696159,14,109,-0.1,0,0,16:24:16,
10.827574,106.696159,14,100,-0.1,0,0,16:24:22,
10.827574,106.696159,14,109,-0.1,0,0,16:24:25,
10.827574,106.696159,14,109,-0.1,0,0,16:24:28,
10.827649,106.696083,15,92,1,0,0,16:24:35,
10.827651,106.696083,15,92,1.34,0,0,16:24:38,
10.827651,106.696083,15,92,1.34,0,0,16:24:41,
10.827651,106.696083,15,92,1.34,0,0,16:24:44,
10.827651,106.696083,15,92,1.34,0,0,16:24:47,
10.827651,106.696083,15,92,1.34,0,0,16:24:50,
10.827651,106.696083,15,92,1.34,0,0,16:24:59,
10.827651,106.696083,15,92,1,0,0,16:25:05,
10.827651,106.696083,16,81,1.34,0,0,16:25:08,
10.827651,106.696083,16,81,1.34,0,0,16:25:11,
10.827651,106.696083,16,81,1.34,0,0,16:25:14,
10.827651,106.696083,16,81,1.34,0,0,16:25:17,
10.827651,106.696083,15,85,1.34,0,0,16:25:20,
10.827651,106.696083,15,85,1.34,0,0,16:25:24,
10.827651,106.696083,14,89,1.34,0,0,16:25:29,
10.827651,106.696083,15,85,1.34,0,0,16:25:34,
10.827651,106.696083,15,85,1.34,0,0,16:25:41,
10.827651,106.679412,15,85,1.34,0,0,16:25:44,
10.827651,106.696083,15,85,1.34,0,0,16:25:48,
10.827651,106.696083,15,85,1.34,0,0,16:25:51,
10.810984,106.696083,15,85,1.34,0,0,16:25:56,
10.827485,106.696083,15,84,1.34,0,0,16:25:59,
10.827651,106.696083,15,84,1.34,0,0,16:27:03,
10.827651,106.696083,15,84,1.34,0,0,16:26:07,
10.827651,106.696083,15,84,1.34,0,0,16:26:10,
10.827651,106.696083,15,84,1.34,0,0,16:26:13,
10.827651,106.696083,15,84,1.34,0,0,16:26:16,
0.827651,106.696083,14,92,1.34,0,0,16:26:19,
10.827651,106.696083,14,92,1.34,0,0,16:26:23,
10.816667,106.696083,14,92,1,0,0,16:26:26,
10.827651,106.696083,13,99,1.34,0,0,16:26:31,
10.827651,106.696083,13,99,1.34,0,0,16:26:34,
10.827651,106.696083,13,99,1.34,0,0,16:26:39,
10.827651,106.696083,13,99,1.34,0,0,16:26:42,
10.827651,106.696083,14,92,1.34,0,0,16:26:46,
10.827651,106.696083,13,99,1.34,0,0,16:26:49,
10.827651,106.696083,13,99,1.34,0,0,16:26:52,
10.827651,106.696083,13,99,1.34,0,0,16:26:57,
10.827651,106.696083,14,92,1.34,0,0,16:27:00,
10.827651,106.696083,14,92,1.34,0,0,16:27:05,
10.827651,106.696083,13,99,1.34,0,0,16:27:08,
10.827651,107.696083,13,99,1.34,0,0,16:27:14,
10.827651,106.679412,14,92,1.34,0,0,16:27:17,
10.827651,106.696083,13,99,1.34,0,0,16:27:20,
10.827651,106.696083,14,91,1.34,0,0,16:27:23,
10.827651,106.696083,13,99,1.34,0,0,16:27:26,
10.827651,106.696083,14,91,1.34,0,0,16:27:31,
10.827651,106.696083,14,91,1.34,0,0,16:27:34,
10.827651,106.696083,15,84,1.34,0,0,16:27:39,
10.827651,106.696083,15,84,1.34,0,0,16:27:44,
10.827651,106.696083,15,84,1.34,0,0,16:27:47,
10.827651,106.696083,15,84,1.34,0,0,16:27:51,
10.827651,106.696083,15,84,1.34,0,0,16:27:54,
10.827651,106.696083,14,95,1.34,0,0,16:28:04,
10.827651,106.696083,14,95,1.34,0,0,16:28:07,
10.827651,106.696083,14,95,1.34,0,0,16:28:10,
10.827651,106.696083,14,95,1.34,0,0,16:28:13,
10.827651,106.696083,15,84,1.34,0,0,16:28:22,
10.827651,106.696083,15,84,1.34,0,0,16:28:25,
10.827651,107.696083,16,80,1,0,0,16:28:28,
10.827651,106.696083,16,80,1.34,0,0,16:28:31,
10.827651,106.696083,16,80,1.34,0,0,16:28:36,
10.827651,106.696083,15,85,1.34,0,0,16:28:43,
10.827651,106.696083,14,90,1.34,0,0,16:28:46,
0.827651,106.696083,15,85,1.34,0,0,16:28:49,
10.827651,106.696083,15,85,1.34,0,0,16:28:53,
10.827651,106.696083,15,85,1.34,0,0,16:28:56,
10.827651,106.696083,16,80,1.34,0,0,16:28:59,
10.827651,106.696083,16,80,1.34,0,0,16:29:03,
10.827651,106.696083,16,80,1.34,0,0,16:29:06,
10.827651,106.696083,15,91,1.34,0,0,16:29:10,
10.827651,106.696083,15,91,1.34,0,0,16:29:15,
10.829318,106.696083,15,91,1.34,0,0,16:29:30,
10.827651,106.696083,14,93,1.34,0,0,16:29:24,
10.827651,106.696083,13,94,1.34,0,0,16:29:27,
10.827651,106.696083,13,94,1.34,0,0,16:29:34,
10.827651,106.696083,13,94,1.34,0,0,16:29:38,
10.827651,106.696083,13,94,1.34,0,0,16:29:42,
10.827634,106.696083,13,94,1.34,0,0,16:29:45,
10.827651,106.696083,12,106,1.34,0,0,16:29:48,
10.827651,106.696083,12,106,1.34,0,0,16:29:52,
10.827651,106.696083,12,106,1.34,0,0,16:29:56,
10.827651,106.696083,14,87,1.34,0,0,16:29:59,
10.827651,106.696083,14,87,1.34,0,0,16:30:04,
10.827651,106.696083,14,87,1.34,0,0,16:30:08,
10.827651,106.696083,14,87,1.34,0,0,16:30:12,
10.829318,106.696083,14,87,1.34,0,0,16:30:05,
10.827651,106.696083,14,87,1.34,0,0,16:30:18,
10.827651,106.696083,14,87,1.34,0,0,16:30:22,
10.827651,106.696083,14,87,1.34,0,0,16:30:27,
10.827651,106.696083,14,87,1.34,0,0,16:30:30,
10.827651,106.696083,14,87,1.34,0,0,16:30:35,
10.827651,106.696083,14,87,1.34,0,0,16:30:39,
10.827651,106.696083,14,87,1.34,0,0,16:30:43,
10.827651,106.696083,14,87,1.34,0,0,16:30:46,
10.827651,106.696083,13,105,1.34,0,0,16:30:49,
10.827651,106.696083,13,105,1.34,0,0,16:30:52,
10.827651,106.696083,12,109,1.34,0,0,16:30:55,
10.827651,106.696083,12,109,1.34,0,0,16:30:59,
10.827651,106.696083,12,109,1.34,0,0,16:31:02,
10.827651,106.696083,12,109,1.34,0,0,16:31:05,
10.827651,106.696083,12,109,1.34,0,0,16:31:08,
10.827651,106.696083,12,109,1.34,0,0,16:31:11,
10.827651,106.696083,12,109,1.34,0,0,16:31:14,
10.827651,106.696083,12,109,1.34,0,0,16:31:17,
10.827651,106.696083,12,109,1.34,0,0,16:31:21,
10.827651,106.696083,12,109,1.34,0,0,16:31:29,
10.827651,106.696083,13,106,1.34,0,0,16:30:32,
10.827651,106.696083,13,106,1.34,0,0,16:31:38,
10.827651,106.696083,14,90,1.34,0,0,16:31:41,
10.827651,106.696083,14,90,1.34,0,0,16:31:45,
10.827651,106.696083,15,85,1.34,0,0,16:31:49,
0.827651,106.696083,15,85,1.34,0,0,16:31:54,
10.827651,106.683334,16,80,1.34,0,0,16:31:57,
10.827651,106.696083,16,80,1.34,0,0,16:32:01,
10.827651,106.696083,16,80,1.34,0,0,16:32:06,
10.827651,106.696083,16,80,1.34,0,0,16:32:10,
10.827651,106.696083,16,80,1.34,0,0,16:32:15,
10.827651,106.696083,16,80,1.34,0,0,16:32:20,
10.827651,106.696083,6,80,1.34,0,0,16:32:23,
10.827651,106.696083,13,93,1.34,0,0,16:32:29,
10.827651,106.696083,13,94,1.34,0,0,16:32:32,
10.827651,106.696083,14,88,1.34,0,0,16:32:36,
10.827651,106.696083,13,108,1.34,0,0,16:32:39,
10.827651,106.696083,14,88,1.34,0,0,16:32:42,
10.827651,106.696083,13,108,1.34,0,0,16:32:49,
10.827651,106.696083,3,108,1.34,0,0,16:32:53,
10.827651,106.696083,13,108,1.34,0,0,16:32:56,
10.827651,106.696083,13,106,1.34,0,0,16:33:01,
10.816667,106.696083,14,104,1,0,0,16:33:04,
10.827651,106.696083,14,104,1.34,0,0,16:33:07,
10.827651,106.696083,14,104,1.34,0,0,16:33:10,
10.827634,106.696083,14,104,1.34,0,0,16:33:13,
10.827651,106.696083,14,104,1.34,0,0,16:33:16,
10.827651,106.696083,14,104,1.34,0,0,16:33:20,
10.827651,106.696083,14,104,0.34,0,0,16:33:24,
10.827651,106.696083,14,104,1.34,0,0,16:33:27,
10.827651,106.696083,14,104,1.34,0,0,16:33:30,
10.827651,106.696083,14,104,1.34,0,0,16:33:33,
10.827651,106.696083,14,104,1.34,0,0,16:33:36,
10.827651,106.696083,13,126,1.34,0,0,16:33:41,
10.827651,106.696083,13,126,1.34,0,0,16:33:44,
10.827651,106.696083,13,126,1.34,0,0,16:33:50,
10.827651,106.696083,13,126,1.34,0,0,16:33:55,
10.827634,106.679412,13,126,1.34,0,0,16:33:58,
10.827651,106.696083,13,126,1.34,0,0,16:34:01,
10.827651,106.696083,12,131,1.34,0,0,16:34:05,
10.827651,106.696083,12,131,1.34,0,0,16:34:09,
10.827651,6.69608,11,139,1.34,0,0,16:34:12,
10.827651,106.696083,11,139,1.34,0,0,16:34:15,
10.827651,106.696083,11,139,1.34,0,0,16:34:19,
10.827651,106.696083,11,139,1.34,0,0,16:34:22,
10.827651,106.696083,11,139,1.34,0,0,16:34:26,
10.827651,106.696083,11,139,1.34,0,0,16:34:29,
10.827651,106.696083,12,117,1.34,0,0,16:34:36,
10.827651,106.696083,12,117,1.34,0,0,16:34:39,
10.827651,106.696083,11,139,1.34,0,0,16:34:44,
10.827651,106.696083,12,117,1.34,0,0,16:34:47,
10.827651,106.696083,12,117,1.34,0,0,16:34:52,
10.827602,106.696067,12,117,2.32,0,0,16:34:58,
10.82759,106.696075,12,117,2.32,0,0,16:35:01,
10.827589,106.696067,13,106,2.33,0,0,16:35:05,
10.827589,106.696067,15,83,2.33,0,0,16:35:14,
10.827589,106.696067,15,83,2.33,0,0,16:35:18,
10.827589,106.696067,14,94,2.33,0,0,16:35:21,
10.827589,106.696067,15,83,3.33,0,0,16:35:25,
10.827589,106.696067,15,83,2.33,0,0,16:35:28,
10.827595,106.696044,15,0,2.26,0,0,16:35:36,
10.827594,106.696044,15,83,2.28,0,0,16:35:39,
10.827594,106.696044,14,86,2.28,0,0,16:35:44,
10.827594,106.683334,4,86,2.28,0,0,16:35:49,
10.827594,106.696044,14,86,2.29,0,0,16:35:53,
10.827594,106.696044,14,86,2.28,0,0,16:35:56,
10.827594,106.696044,14,87,2.29,0,0,15:35:59,
10.827594,106.696044,14,86,2.29,0,0,16:36:02,
10.827594,106.696044,14,86,2.29,0,0,16:36:06,
10.827594,106.696044,14,86,2.29,0,0,16:36:10,
10.827594,106.696044,14,86,2.29,0,0,16:36:13,
10.827594,106.696044,13,93,2.29,0,0,16:36:19,
10.827594,106.696044,13,93,2.29,0,0,16:36:22,
0.827594,106.696044,14,88,2.29,0,0,16:36:26,
10.827594,106.696044,14,88,2.29,0,0,16:36:30,
10.827594,106.696044,14,88,2.29,0,0,16:36:34,
10.827594,106.696044,14,88,2.29,0,0,16:36:37,
10.827594,106.696044,13,123,2.29,0,0,16:36:40,
10.827594,106.696044,14,100,2.29,0,0,16:36:43,
10.827594,106.696044,14,100,2.29,0,0,16:36:49,
10.827594,106.696067,14,100,2.29,0,0,16:36:53,
10.827554,106.696022,14,100,3.16,0,0,16:36:56,
0.827541,106.696029,14,100,3.34,0,0,16:37:00,
10.827528,106.696037,14,100,3.55,0,0,16:37:03,
10.827518,106.696052,14,100,3.71,0,0,16:37:06,
10.827512,106.696075,14,100,3.87,0,0,16:37:10,
10.827515,106.69609,14,100,3.93,0,0,16:37:13,
10.827503,106.679466,14,100,3.89,0,0,16:37:18,
10.827503,106.696136,13,100,3.88,0,0,16:37:25,
10.82917,106.696136,13,105,3,0,0,16:37:28,
10.827503,106.696136,13,105,3.88,0,0,16:37:31,
10.827503,106.696136,13,105,3.88,0,0,16:37:34,
10.827503,106.696136,13,105,3.88,0,0,16:37:38,
0.827502,106.696136,13,105,3.88,0,0,16:37:42,
10.827503,106.696136,13,87,3.88,0,0,16:37:48,
10.827503,106.696136,13,87,3.88,0,0,16:37:52,
10.827503,106.696136,12,92,3.88,0,0,16:37:56,
10.827503,106.696136,13,90,3.88,0,0,16:38:00,
10.827503,106.696136,13,90,3.88,0,0,16:38:03,
10.827503,106.696136,13,90,3.88,0,0,16:38:09,
10.827503,106.696136,13,90,3.88,0,0,16:38:12,
10.827503,106.696136,13,90,3.88,0,0,16:38:15,
10.827503,106.696136,13,90,3.88,0,0,16:38:19,
10.827503,106.696136,13,90,3.88,0,0,16:38:22,
10.827503,106.696136,13,90,3.88,0,0,16:38:25,
10.827503,106.696136,13,90,3.88,0,0,16:38:28,
10.827503,106.696136,14,83,3.88,0,0,16:38:31,
0.827502,106.696136,14,94,3.88,0,0,16:38:40,
10.827503,106.696136,15,90,3.88,0,0,16:38:46,
10.827503,106.696136,15,90,3.88,0,0,16:38:49,
10.827503,106.696136,15,90,3.88,0,0,16:38:52,
10.827503,106.696136,15,90,3.88,0,0,16:38:55,
10.827503,106.696136,15,90,3.88,0,0,16:38:59,
10.827503,106.696136,14,94,3.88,0,0,16:39:02,
10.827503,106.696136,14,100,3.88,0,0,16:39:06,
10.827488,106.696144,14,100,3.15,0,0,16:39:09,
10.827496,106.696128,14,88,3.15,0,0,16:39:12,
10.827506,106.696128,14,88,3.09,0,0,16:39:16,
10.827513,106.696128,13,89,3.21,0,0,16:39:22,
10.827513,106.696128,13,89,3.21,0,0,16:39:25,
10.827513,106.696128,13,88,3.21,0,0,15:39:30,
10.827513,106.696128,13,89,3.21,0,0,16:39:33,
10.827513,106.696128,13,89,3.21,0,0,16:39:37,
10.827346,106.696128,13,89,3.21,0,0,16:39:40,
10.827513,106.696128,14,88,3.21,0,0,16:39:43,
10.827513,106.696128,14,88,3.21,0,0,16:39:46,
10.827513,106.696128,14,88,3.21,0,0,16:39:50,
10.827513,106.696128,14,88,3.21,0,0,16:39:54,
10.827513,106.696128,14,88,3.21,0,0,16:39:57,
10.827513,106.696128,14,88,3.21,0,0,16:40:01,
10.827513,106.696128,14,88,3.21,0,0,16:40:04,
10.827513,106.696128,14,88,3.21,0,0,16:40:08,
10.827513,106.696128,13,106,3.21,0,0,16:40:14,
10.827513,106.696128,13,106,3.21,0,0,16:40:17,
10.827513,106.696128,13,106,3.21,0,0,16:40:20,
10.827513,106.696128,13,105,3.21,0,0,16:40:23,
10.827513,106.696128,12,116,3.21,0,0,16:40:26,
10.827513,106.696128,13,105,3.21,0,0,16:40:31,
10.827513,106.696128,13,105,3.21,0,0,16:40:34,
10.827513,106.696128,13,105,3.21,0,0,16:40:38,
10.827513,106.696128,13,105,3.31,0,0,16:40:41,
10.810847,106.696128,15,90,3.21,0,0,16:40:51,
10.827513,106.696128,15,90,3.21,0,0,16:40:54,
10.827513,106.696128,15,89,3.21,0,0,16:40:57,
10.827346,106.696128,15,89,3.21,0,0,16:41:01,
10.827513,106.696128,15,89,3.21,0,0,16:41:04,
10.827513,106.696128,15,89,3.21,0,0,16:41:08,
10.827513,106.696128,14,100,3.21,0,0,16:41:11,
10.827513,106.696128,14,100,3.21,0,0,16:41:16,
10.827513,106.696128,14,100,3.21,0,0,16:41:19,
10.827513,106.696128,14,100,3.21,0,0,16:41:22,
10.827513,106.696128,14,100,3.21,0,0,16:41:26,
10.827513,106.696128,14,85,3.21,0,0,16:41:30,
10.827513,106.696128,14,85,3.21,0,0,16:41:33,
10.827513,106.696128,13,105,3.21,0,0,16:41:38,
10.827513,106.696128,14,85,3.21,0,0,16:41:41,
10.827513,106.696128,13,86,3.21,0,0,16:41:44,
10.827513,106.696128,13,86,3.21,0,0,16:41:47,
10.827513,106.696128,13,86,3.21,0,0,16:41:50,
10.827513,106.696128,13,86,3.21,0,0,16:41:53,
10.827513,106.696128,11,98,3.21,0,0,16:42:03,
10.827513,106.696128,11,98,3.21,0,0,16:42:06,
10.827513,106.696128,10,122,3.21,0,0,16:42:10,
10.827513,106.696128,11,98,3.21,0,0,16:42:13,
10.827513,106.696128,11,98,3.21,0,0,16:42:16,
10.827513,106.696128,12,97,3.21,0,0,16:42:19,
10.827513,106.696128,12,97,3.21,0,0,16:42:22,
10.827513,106.696128,14,84,3.21,0,0,16:42:27,
10.827513,106.696128,14,80,3.21,0,0,16:42:30,
10.827513,106.696128,16,78,3.21,0,0,16:42:34,
10.827346,106.696128,16,78,3.2,0,0,16:42:37,
10.827513,106.696128,16,78,3.21,0,0,16:42:42,
10.827513,106.696128,16,78,3.21,0,0,16:42:45,
10.827513,106.696128,16,78,3.21,0,0,16:42:48,
10.827513,106.683334,16,78,3.21,0,0,16:42:51,
0.827512,106.696128,16,0,3.21,0,0,16:42:59,
10.827513,106.696128,15,88,3.21,0,0,16:43:04,
10.827513,106.696128,15,88,3.21,0,0,16:43:07,
10.827513,106.696128,15,88,3.21,0,0,16:43:10,
10.827513,106.696128,15,88,3.21,0,0,16:43:13,
10.827513,106.696128,14,100,3.21,0,0,16:43:20,
10.827513,106.696128,14,100,3.21,0,0,16:43:25,
10.827513,106.696128,14,100,3.21,0,0,16:43:31,
10.827513,106.696128,14,100,3.21,0,0,16:43:34,
10.827513,106.696128,14,99,3.21,0,0,16:43:37,
10.827432,106.696083,14,99,4.19,0,0,16:43:45,
10.827433,106.696083,14,99,4.19,0,0,16:43:48,
10.827433,106.696083,14,99,4.19,0,0,16:43:54,
10.827433,106.696083,14,99,4.19,0,0,16:43:59,
10.827433,106.696083,13,100,4.19,0,0,16:44:02,
10.827433,106.696083,13,100,4.19,0,0,16:44:05,
10.827433,106.696083,13,100,4.19,0,0,16:44:09,
10.827433,106.696083,13,100,4.19,0,0,16:44:12,
10.827433,106.696083,13,100,4.19,0,0,16:44:15,
10.827433,106.696083,13,100,4.19,0,0,16:44:18,
10.827433,106.696083,13,100,4.19,0,0,16:44:21,
10.827433,6.696084,13,100,4.19,0,0,15:44:24,
10.827433,106.696083,13,100,4.19,0,0,16:44:27,
10.827433,106.696083,13,100,4.19,0,0,16:44:30,
10.827402,106.696067,13,100,4.29,0,0,16:44:34,
10.827402,106.696075,13,100,4.24,0,0,16:44:39,
10.827402,106.696075,13,100,4.24,0,0,16:44:46,
10.827402,106.696075,13,100,4.24,0,0,16:44:49,
10.827402,106.696075,12,105,4.24,0,0,16:44:53,
10.827402,106.696075,12,105,4.24,0,0,16:45:00,
10.827402,106.696075,12,105,4.24,0,0,16:45:03,
10.827402,106.696075,12,105,4.24,0,0,16:45:06,
10.827402,106.696075,11,131,4.24,0,0,16:45:11,
10.827402,106.696075,12,121,4.24,0,0,16:45:15,
10.827402,106.696075,12,121,4.24,0,0,16:45:20,
10.827402,106.696075,12,131,4.24,0,0,16:45:24,
10.827402,106.696075,12,121,4.24,0,0,16:45:33,
10.827402,6.696074,11,131,4.24,0,0,16:45:36,
10.827402,106.696075,12,126,4.24,0,0,16:45:39,
0.827401,106.696075,12,126,4.24,0,0,16:45:42,
10.827402,106.696075,11,131,4.24,0,0,16:45:45,
10.827402,106.696075,12,126,4.24,0,0,16:45:50,
10.827402,106.696075,12,125,4.24,0,0,16:45:56,
10.827402,106.696075,13,103,4.24,0,0,16:45:59,
10.827402,106.696075,13,103,4.24,0,0,16:46:02,
10.827402,106.696075,13,103,4.24,0,0,16:46:07,
10.827402,106.679405,13,103,4.24,0,0,16:46:10,
10.827402,106.696075,14,99,4.24,0,0,16:46:13,
10.827402,106.696075,14,99,4.24,0,0,16:46:18,
10.827402,106.696075,14,99,4.24,0,0,16:46:21,
10.827402,106.696075,14,99,4.24,0,0,16:46:26,
10.827402,106.679405,14,99,4.24,0,0,16:46:31,
10.827402,106.696075,14,99,4.24,0,0,16:46:35,
10.827402,106.696075,14,99,4.24,0,0,16:46:38,
10.827402,106.696075,14,99,4.24,0,0,16:46:41,
10.827402,106.696075,13,105,4.24,0,0,16:46:44,
10.827402,106.696075,13,105,4.24,0,0,16:46:48,
10.827402,106.696075,13,105,4.24,0,0,16:46:52,
10.827402,106.696075,13,105,4.24,0,0,16:47:57,
10.827402,106.696075,11,119,4.24,0,0,16:47:01,
10.827402,106.696075,11,119,4.24,0,0,16:47:04,
10.827402,106.696075,12,110,4.24,0,0,16:47:07,
10.827402,107.696075,12,110,4.24,0,0,16:47:10,
10.827402,106.696075,12,110,4.24,0,0,16:47:13,
10.827402,106.696075,12,110,4.24,0,0,16:47:16,
10.827402,106.696075,12,110,4.24,0,0,16:47:19,
10.827354,6.696026,12,110,5.46,0,0,15:47:22,
10.827354,106.696014,12,110,5.51,0,0,16:47:25,
10.827351,106.695999,12,110,5.55,0,0,16:47:28,
10.827349,106.679313,13,105,5.6,0,0,16:47:33,
10.82735,106.695976,13,105,5.64,0,0,16:47:35,
10.827358,106.695968,14,83,5.7,0,0,16:47:39,
10.827359,106.695976,15,78,5.7,0,0,16:47:45,
10.827359,106.695976,15,78,5.7,0,0,16:47:48,
10.827359,106.695976,14,82,5.7,0,0,16:47:52,
10.827359,106.695976,13,89,5.7,0,0,16:47:55,
10.827359,106.695976,13,88,5.7,0,0,16:47:59,
10.827359,106.695976,14,82,5.7,0,0,16:48:02,
10.827359,106.695976,14,85,5.7,0,0,16:48:11,
10.827353,106.69596,14,98,6.3,0,0,16:48:16,
10.827346,106.695968,14,98,6.33,0,0,16:48:21,
10.829012,106.695968,14,98,6.33,0,0,16:48:24,
10.827346,106.695968,14,98,6.33,0,0,16:48:28,
10.827346,106.695968,14,98,6.33,0,0,16:48:31,
10.827346,106.695968,14,98,6.33,0,0,16:48:34,
10.827346,106.695968,14,98,6.33,0,0,16:48:38,
10.827346,106.695968,14,98,6.33,0,0,16:48:41,
10.827346,106.695968,14,98,6.33,0,0,16:48:44,
10.827346,107.695968,14,98,7.33,0,0,16:48:49,
10.827346,106.695968,14,98,6.33,0,0,16:48:52,
10.827346,106.695968,14,98,6.33,0,0,16:48:56,
10.827346,106.695968,4,98,6.33,0,0,16:48:59,
10.827346,106.695968,14,98,6.33,0,0,16:49:05,
10.827346,106.695968,14,98,6,0,0,16:49:09,
10.81068,6.695966,14,98,6.33,0,0,16:49:12,
10.827346,106.695968,14,98,6.33,0,0,16:49:15,
10.827346,106.695968,13,103,6.33,0,0,16:49:22,
10.827346,106.695968,13,103,6.33,0,0,16:49:27,
10.827346,106.695968,14,98,6.33,0,0,16:49:30,
10.827346,106.695968,14,98,6.33,0,0,16:49:34,
10.827346,106.695968,14,98,6.33,0,0,16:49:38,
10.827346,106.695968,13,103,6.33,0,0,16:49:41,
10.827346,106.695968,14,98,6.33,0,0,16:49:44,
10.827346,106.695968,13,103,6.33,0,0,16:49:47,
10.827346,106.695968,14,91,6.33,0,0,16:49:50,
10.827346,106.695968,14,91,6.33,0,0,16:49:54,
0.827346,106.69596,14,91,6.33,0,0,16:49:59,
10.827346,106.6958,14,91,6.33,0,0,16:50:03,
10.827346,106.695968,14,91,6.33,0,0,16:50:06,
10.827346,106.695968,14,91,6.33,0,0,16:50:09,
10.827346,106.695968,14,91,6.33,0,0,16:50:12,
10.827346,106.695968,13,94,6.33,0,0,16:50:15,
10.827346,106.695968,14,89,6.33,0,0,16:50:20,
10.827346,106.695968,15,88,6.33,0,0,16:50:26,
10.827346,106.695968,15,0,6.33,0,0,16:50:29,
10.827346,106.695968,15,88,6.33,0,0,16:50:33,
10.827346,106.695968,14,89,6.33,0,0,16:50:36,
10.827346,106.695968,15,88,6.33,0,0,16:50:39,
10.827346,106.695968,15,88,6.33,0,0,16:50:42,
10.827346,106.695968,15,88,6.33,0,0,16:50:46,
10.827346,106.695968,15,88,6.33,0,0,16:50:50,
10.827346,106.695968,14,88,7.32,0,0,16:50:54,
10.827346,106.695968,15,88,6.32,0,0,16:50:58,
10.827346,106.695968,14,91,6.32,0,0,16:51:03,
10.827346,106.695968,14,91,6.32,0,0,16:51:07,
10.827346,106.695968,14,91,6.32,0,0,16:51:12,
10.827346,106.695968,14,91,6.32,0,0,16:51:15,
10.827346,106.695968,14,91,6.32,0,0,16:51:19,
10.82731,106.69606,14,91,6.52,0,0,16:51:22,
10.827309,106.696067,15,87,6.52,0,0,16:51:26,
10.827309,106.696067,15,87,6.52,0,0,16:51:30,
10.827309,106.696067,5,87,6.52,0,0,16:51:34,
10.827309,106.696067,15,87,6.52,0,0,16:51:37,
10.827309,106.696067,15,87,6.52,0,0,16:51:40,
10.810643,106.696067,14,91,6.52,0,0,16:50:43,
10.827309,106.696067,13,98,6.52,0,0,16:51:51,
10.827309,106.696067,13,98,6.52,0,0,16:51:54,
10.827309,106.696067,13,98,7.52,0,0,16:51:59,
10.827309,106.696067,13,98,6.52,0,0,16:52:02,
10.827309,106.696067,13,98,6.52,0,0,16:52:07,
10.827309,106.696067,14,91,6.52,0,0,16:52:10,
10.827309,106.679405,14,91,6.52,0,0,16:52:13,
10.827309,106.696067,14,0,6.52,0,0,16:52:16,
10.827309,106.696067,14,91,6.52,0,0,16:52:19,
10.827309,106.696067,14,91,6.52,0,0,16:52:22,
10.827309,106.696067,14,91,6.52,0,0,16:52:29,
10.827309,106.696067,14,91,6.52,0,0,16:52:33,
10.827307,106.696067,4,91,6.52,0,0,16:52:36,
10.827309,106.696067,14,91,6.52,0,0,16:52:41,
10.827309,106.696067,14,91,6.52,0,0,16:52:46,
10.827309,106.696067,14,91,6.52,0,0,16:52:51,
10.827309,106.696067,13,94,6.52,0,0,16:52:54,
10.827309,106.696067,14,91,6.52,0,0,16:52:58,
10.827309,106.696067,14,82,6.52,0,0,16:53:06,
10.827309,106.696067,14,82,6.52,0,0,16:53:09,
10.827309,106.696067,14,82,6.52,0,0,16:53:12,
10.827309,106.696067,14,82,6.52,0,0,16:53:15,
10.827309,106.696067,14,82,6.52,0,0,16:53:23,
10.827309,106.683334,14,82,6.52,0,0,16:53:26,
10.827309,106.696067,14,82,6.52,0,0,16:53:29,
10.827309,6.69607,14,82,6.52,0,0,15:53:32,
10.827309,106.696067,14,82,6.52,0,0,16:53:36,
10.827313,106.696128,15,80,6.84,0,0,16:53:42,
10.827315,106.679466,16,76,6.85,0,0,16:53:48,
10.827315,106.696136,16,76,6.85,0,0,16:53:53,
10.827315,106.696136,16,76,6.85,0,0,16:53:57,
10.810648,106.696136,16,76,6.85,0,0,16:54:00,
10.827315,106.696136,16,76,6.85,0,0,16:54:03,
10.827315,106.696136,16,76,6.85,0,0,16:54:08,
10.827315,106.696136,16,76,6.85,0,0,16:54:12,
10.827315,106.696136,16,76,6.85,0,0,16:54:16,
10.827315,106.696136,16,76,6.85,0,0,16:54:23,
10.827315,106.696136,16,76,6.85,0,0,16:54:26,
10.827315,106.696136,16,76,6.85,0,0,16:54:30,
10.827315,106.696136,16,76,6.85,0,0,16:54:33,
10.827315,6.696133,16,77,6.85,0,0,16:54:36,
10.827315,106.696136,16,76,6.85,0,0,16:54:39,
10.827315,106.696136,16,76,6.85,0,0,16:54:42,
10.827315,106.696136,16,76,6.85,0,0,16:54:47,
10.827315,106.696136,16,76,6.85,0,0,16:54:51,
10.827315,106.696136,16,76,6.85,0,0,16:54:54,
10.827315,106.683334,16,76,6.84,0,0,16:54:58,
10.827315,106.696136,5,80,6.85,0,0,16:55:02,
10.827315,106.696128,15,0,6.85,0,0,16:55:05,
10.827315,106.696136,15,80,6.85,0,0,16:55:10,
10.827315,106.696136,15,80,6.85,0,0,16:55:14,
10.827315,106.696136,15,80,6.85,0,0,16:55:19,
10.827315,106.679466,15,80,6.85,0,0,16:55:23,
10.827315,106.696136,15,80,6.85,0,0,16:55:25,
10.827315,106.696136,15,80,6.85,0,0,16:55:29,
10.827315,106.696136,15,80,6.85,0,0,16:55:35,
10.827315,106.696136,15,80,6.85,0,0,16:55:38,
10.827315,106.696136,15,80,6.85,0,0,16:55:41,
10.827315,106.696136,15,80,6.85,0,0,16:55:48,
10.827315,106.696136,15,80,6.85,0,0,16:55:51,
10.827315,106.696136,15,80,6.85,0,0,16:55:54,
10.827315,106.696136,15,80,6.85,0,0,16:55:57,
10.827279,106.696166,15,80,8.78,0,0,16:56:01,
10.827278,106.696166,15,80,8.66,0,0,16:56:05,
10.827278,106.696166,15,80,8.66,0,0,16:56:08,
0.827273,106.696205,14,81,8.54,0,0,16:56:11,
10.827277,106.696228,14,82,8.51,0,0,16:56:14,
10.827277,106.696266,15,80,8.45,0,0,16:56:20,
10.82728,106.696289,13,84,8.4,0,0,16:56:23,
10.827284,106.696304,13,84,8.38,0,0,16:56:26,
10.827284,106.696304,14,82,8.38,0,0,16:56:29,
10.827284,106.696304,15,77,8.38,0,0,16:56:32,
10.827284,106.696304,15,77,8.38,0,0,16:56:37,
10.827284,106.696304,15,77,8.38,0,0,16:56:42,
10.827284,106.696304,15,77,8.38,0,0,16:56:46,
0.827284,106.696304,15,77,8.38,0,0,16:56:50,
10.827284,106.696304,15,77,8.38,0,0,16:56:53,
10.827284,106.696304,15,77,8.38,0,0,16:56:57,
10.827284,106.696304,14,78,8.38,0,0,16:57:01,
10.827284,106.696304,14,78,8.38,0,0,16:57:11,
10.827284,106.696304,14,78,8.38,0,0,16:57:16,
10.827284,106.696304,14,78,8.38,0,0,16:57:22,
10.827284,106.696304,14,78,8.38,0,0,16:57:25,
10.827284,106.696304,14,78,8.38,0,0,16:57:28,
10.827284,106.696304,14,78,8.38,0,0,16:57:31,
10.827284,106.696304,14,78,8.38,0,0,16:57:34,
10.827284,106.696304,14,78,8.38,0,0,16:57:37,
10.827284,106.696304,14,78,8.38,0,0,16:57:42,
10.827284,106.696304,14,78,8.38,0,0,16:57:49,
10.827284,106.696304,13,82,8.38,0,0,16:57:53,
10.827284,106.696304,13,91,8.38,0,0,16:57:56,
10.827284,106.696304,13,91,8.38,0,0,16:58:00,
10.827284,106.696304,13,93,8.38,0,0,16:58:11,
10.827628,106.695869,5,204,-3.44,0,0,18:05:12,
10.827589,106.695861,5,204,-1.58,0,0,18:05:32,
10.827564,106.695884,5,204,-1.03,0,0,18:05:37,
10.827548,106.695869,5,204,-0.54,0,0,18:05:40,
10.827515,106.695877,5,204,0.36,0,0,18:05:45,
10.811021,6.695944,5,204,2.35,0,0,18:05:54,
10.827681,106.696044,4,311,3.24,0,0,18:05:58,
10.827672,106.696067,4,311,3.14,0,0,18:06:01,
10.827673,106.696083,4,311,3.24,0,0,18:06:04,
10.827672,106.69609,4,312,3.24,0,0,18:06:08,
10.827668,106.696075,4,312,3.22,0,0,18:06:12,
10.827663,106.696098,4,312,3.23,0,0,18:06:15,
0.827672,106.696098,4,312,3.21,0,0,18:06:19,
10.827668,106.69609,4,313,3.23,0,0,18:06:23,
10.827651,106.696037,4,313,3.35,0,0,18:06:27,
10.827644,106.696197,4,312,3.48,0,0,18:06:30,
10.827647,106.696006,4,312,3.64,0,0,18:06:33,
10.827638,106.695991,4,313,3.87,0,0,18:06:36,
0.82762,106.695968,4,313,4.16,0,0,18:06:39,
10.82762,106.695945,5,295,4.59,0,0,17:06:43,
0.827609,106.695968,5,295,5.17,0,0,8:06:48,
10.827637,106.696067,5,296,5.59,0,0,18:06:56,
10.827655,106.696105,5,296,5.71,0,0,8:06:59,
10.827657,106.696136,5,296,5.81,0,0,18:07:02,
10.827682,106.696205,6,188,5.88,0,0,18:07:06,
10.825375,106.694152,9,171,78.98,0,0,23:41:49,
10.825474,106.67752,9,170,56.49,0,0,23:41:56,
10.825458,106.695854,9,170,56.48,0,0,23:41:59,
10.82544,106.694198,9,170,56.36,0,0,23:42:02,
10.825417,106.694213,9,170,54.79,0,0,23:42:06,
10.825566,106.694244,9,170,52.83,0,0,23:42:09,
10.825369,107.694274,9,170,53.6,0,0,23:42:14,
10.825352,106.694297,9,170,53.79,0,0,23:42:17,
10.825315,106.69432,9,170,55.98,0,0,23:42:21,
10.825268,106.694351,9,170,57.32,0,0,23:42:25,
10.82525,106.694389,9,170,59,0,0,23:42:29,
10.825239,106.694389,9,170,60.49,0,0,23:42:32,
10.825188,106.694465,9,170,61.89,0,0,23:42:39,
10.825206,106.694511,9,170,59.77,0,0,23:42:43,
10.825226,106.694564,9,170,57.92,0,0,23:42:48,
10.825242,106.694595,9,170,57.43,0,0,23:42:52,
10.82525,106.694625,9,170,57.47,0,0,23:42:55,
10.825259,106.694656,9,170,57.16,0,0,23:42:58,
10.825253,106.694686,9,170,57.67,0,0,23:43:02,
10.825264,106.694694,9,170,57.23,0,0,23:43:05,
10.825287,106.694686,9,170,56.94,0,0,23:43:08,
10.825304,106.694686,9,170,57.1,0,0,23:43:11,
10.825301,106.694679,9,170,56.54,0,0,23:43:14,
10.825351,106.694664,9,170,55.57,0,0,23:43:17,
10.825383,106.694648,9,170,55.66,0,0,23:43:22,
10.825394,107.694648,8,184,54.7,0,0,23:43:25,
10.82541,106.694633,9,169,55.63,0,0,23:43:28,
10.825496,106.694587,10,116,53.1,0,0,23:43:32,
10.825627,106.694564,10,116,44.13,0,0,23:43:39,
10.825681,106.694557,10,116,39.76,0,0,23:43:42,
10.825737,106.694511,10,116,34.43,0,0,23:43:46,
10.825922,106.694465,10,116,11.28,0,0,23:43:50,
10.825928,106.694412,10,116,9.66,0,0,23:43:54,
10.825905,106.694358,10,116,9.37,0,0,23:43:58,
10.825898,106.694328,10,116,8.56,0,0,23:44:02,
10.825837,106.694305,10,118,8.46,0,0,23:44:07,
10.825795,106.694229,10,118,10.87,0,0,23:44:11,
10.825736,106.69419,10,118,14.88,0,0,23:44:15,
10.825819,6.694136,10,116,13.89,0,0,0:44:19,
10.825945,106.694053,10,106,15.7,0,0,23:44:25,
10.825983,106.694015,10,116,18.14,0,0,23:44:28,
10.826014,106.693969,10,116,20.85,0,0,23:44:32,
10.826031,106.693908,10,116,22.67,0,0,23:44:39,
10.826027,106.693885,10,116,24.07,0,0,23:44:42,
10.826016,106.693847,11,114,25.66,0,0,23:44:45,
10.825994,106.693809,11,114,27.04,0,0,23:44:48,
10.825963,106.693786,11,114,28.57,0,0,23:44:51,
10.825959,106.693786,11,114,28.28,0,0,23:44:54,
10.825953,106.693794,11,114,27.97,0,0,23:44:58,
10.825932,106.693778,12,98,27.53,0,0,23:45:02,
10.825922,106.693748,12,98,27.53,0,0,23:45:05,
10.825915,106.693756,12,98,27.36,0,0,23:45:08,
10.82591,106.693756,12,98,27.37,0,0,23:45:01,
10.825893,106.693756,12,98,27.22,0,0,23:45:14,
10.825884,106.677062,12,98,26.87,0,0,23:45:17,
10.825806,106.693664,12,99,26.72,0,0,23:45:25,
10.825779,106.693641,12,99,26.76,0,0,23:45:28,
10.825737,106.693595,12,99,26.92,0,0,23:45:34,
10.825709,106.693557,12,99,24,0,0,23:45:39,
10.825695,106.693519,13,99,24.09,0,0,23:45:43,
10.825711,106.693473,12,99,22.73,0,0,23:45:51,
10.824049,106.693458,12,99,23.92,0,0,23:45:54,
10.825739,106.69342,12,98,22.93,0,0,0:45:58,
10.82577,106.693389,12,99,22.66,0,0,23:46:02,
10.809129,106.693351,14,92,22.31,0,0,23:46:05,
10.82584,106.693298,17,86,21.58,0,0,23:46:10,
10.825861,106.693267,17,86,21,0,0,23:46:03,
0.825889,106.693237,18,85,20.19,0,0,23:46:16,
10.825921,106.693183,19,81,18.76,0,0,23:46:30,
10.809291,106.693161,19,81,19.12,0,0,23:46:24,
10.825971,106.67646,19,81,17.21,0,0,23:46:30,
10.826004,106.693092,19,81,15.85,0,0,23:46:34,
10.826021,106.693069,19,81,14,0,0,23:46:37,
10.826041,107.693023,20,74,13.09,0,0,23:47:41,
10.826058,106.692993,20,74,11.91,0,0,23:46:44,
10.826093,106.692947,20,74,9.35,0,0,23:46:50,
10.826116,106.692916,20,74,8.65,0,0,23:46:53,
10.826145,106.692886,20,74,8.91,0,0,23:46:57,
10.826174,106.692863,20,74,8.87,0,0,23:47:00,
0.826203,106.692848,21,70,9.29,0,0,23:47:03,
10.826229,106.692855,21,70,9.83,0,0,23:47:06,
10.826236,106.692863,21,70,10.54,0,0,23:47:09,
10.826226,106.692855,19,76,11.29,0,0,23:47:12,
10.826217,106.692855,20,73,12.09,0,0,23:47:15,
10.826207,106.692855,19,76,12.84,0,0,23:47:19,
10.826201,106.692855,20,73,13.71,0,0,23:47:22,
10.826202,106.692863,20,73,13.66,0,0,23:47:25,
10.8262,106.692863,20,72,13.79,0,0,23:47:28,
10.8262,106.692863,20,69,13.87,0,0,23:47:37,
10.826204,106.692871,20,69,13.92,0,0,23:47:40,
10.826203,106.692871,20,69,13.91,0,0,23:47:44,
10.826204,106.692871,22,63,13.93,0,0,23:47:48,
10.826208,106.692871,22,63,13.93,0,0,23:47:51,
10.826196,106.692871,21,67,13.78,0,0,23:47:59,
10.826231,106.692893,22,63,13.67,0,0,23:48:03,
10.826261,106.692924,22,63,13.66,0,0,23:48:06,
10.8263,106.692962,22,63,13.76,0,0,23:48:12,
10.826336,106.683334,22,63,14.16,0,0,23:48:17,
10.826364,106.676353,22,63,14.2,0,0,23:48:20,
10.826391,106.693046,22,63,14.31,0,0,23:48:23,
10.826478,106.693107,22,63,14.75,0,0,23:48:32,
10.826527,106.693145,22,63,14.83,0,0,23:48:37,
10.826558,106.693168,22,63,15,0,0,23:48:40,
10.826606,106.693206,22,63,15.23,0,0,23:48:45,
10.82665,106.693244,22,63,15.74,0,0,23:48:50,
10.826692,106.693283,22,63,16.1,0,0,23:48:54,
10.826746,106.693321,22,63,16.3,0,0,23:49:00,
10.826773,106.693336,23,63,16.81,0,0,23:49:03,
10.826804,106.693351,23,63,17.25,0,0,23:49:06,
10.826825,106.693367,23,63,17.16,0,0,23:49:09,
10.826854,106.693382,23,63,16.32,0,0,23:49:15,
10.810206,6.693405,23,63,16.12,0,0,23:49:20,
10.826891,106.693428,23,63,15.9,0,0,23:49:23,
10.826918,106.69345,23,63,15.46,0,0,23:49:26,
10.82695,106.693481,23,63,14.2,0,0,23:49:30,
10.826966,106.693504,23,63,12.9,0,0,23:49:33,
10.827,106.693542,23,63,11.99,0,0,23:49:37,
10.827022,106.69358,23,63,11.84,0,0,23:49:40,
10.82705,107.693611,23,63,2.54,0,0,23:49:43,
10.827077,106.693641,23,63,13.45,0,0,23:49:46,
10.827127,106.693687,23,63,14.55,0,0,23:49:51,
10.827157,106.693717,23,63,15.78,0,0,23:49:55,
10.816667,107.693756,23,63,17.98,0,0,23:49:59,
10.827221,107.693809,23,63,18.12,0,0,23:50:03,
10.827252,106.693855,23,63,19.22,0,0,23:50:07,
10.827273,106.693878,23,63,20.12,0,0,23:50:10,
10.827294,106.693916,23,63,20.96,0,0,23:50:14,
10.8273,6.693967,23,62,21.1,0,0,23:40:19,
10.827267,106.694015,23,62,21.53,0,0,23:50:24,
10.827233,106.694053,23,62,21.78,0,0,23:50:28,
10.827199,106.694061,23,62,22.19,0,0,23:50:31,
10.827164,106.694099,23,62,22.7,0,0,23:50:35,
10.827151,106.694129,23,62,23.34,0,0,23:50:38,
10.827135,106.694145,23,62,23.64,0,0,23:50:41,
10.827106,106.69419,23,62,24.58,0,0,23:50:46,
10.827088,106.694213,23,62,25.22,0,0,23:50:49,
10.827033,106.694259,23,62,25.99,0,0,23:50:56,
10.827019,106.694282,23,62,26.05,0,0,23:50:59,
10.826996,106.69432,23,62,25.72,0,0,23:51:02,
10.826932,106.694412,24,61,25.59,0,0,23:51:10,
10.826913,106.694435,24,61,25.43,0,0,23:51:13,
10.826892,106.694458,24,61,25.3,0,0,23:51:16,
10.826882,106.69448,24,61,25.48,0,0,23:51:19,
10.82687,106.694511,24,61,25.38,0,0,23:51:22,
10.826858,106.694541,24,61,25.11,0,0,23:51:25,
10.826828,106.69458,24,61,24.14,0,0,23:51:29,
10.826806,106.69461,24,61,23.56,0,0,23:51:33,
10.826821,6.69465,24,61,22.85,0,0,23:41:37,
10.828522,107.694694,24,61,22.28,0,0,23:51:42,
10.826877,106.694725,24,61,21.58,0,0,23:51:45,
10.826922,106.694778,24,61,20.66,0,0,23:51:50,
10.82697,106.694831,24,61,20.01,0,0,23:51:55,
10.827001,106.694877,24,61,19.2,0,0,23:51:59,
10.826972,106.694992,23,63,17.28,0,0,23:52:12,
10.826944,106.695014,24,61,16.65,0,0,23:52:15,
10.826934,106.695037,24,61,16.14,0,0,23:52:18,
10.826949,106.695053,24,61,15.85,0,0,23:52:22,
10.826991,106.695114,24,61,15.43,0,0,23:52:27,
10.827032,106.695159,24,61,14.65,0,0,23:52:32,
10.827084,106.69522,24,61,13.73,0,0,23:52:38,
10.827106,106.695243,25,60,13.56,0,0,23:53:41,
10.827132,106.695281,25,60,13.37,0,0,23:52:45,
10.827145,106.695312,25,60,13.05,0,0,23:52:48,
10.827186,106.695373,25,60,12.8,0,0,23:52:54,
10.827213,106.695411,25,60,12.73,0,0,23:52:58,
10.827234,106.695449,25,60,12.53,0,0,23:53:01,
10.827262,106.695495,25,60,12.45,0,0,23:53:05,
10.827268,106.695526,25,60,12.27,0,0,23:53:08,
10.827277,106.695579,25,60,12.13,0,0,23:53:13,
10.827276,106.695594,25,60,12.25,0,0,23:53:16,
10.827323,106.695632,25,60,12.59,0,0,23:53:21,
10.82736,106.695663,25,60,12.66,0,0,23:53:24,
10.827405,106.695693,25,60,12.52,0,0,23:53:28,
10.827434,106.695747,25,60,12.62,0,0,23:53:34,
10.827445,106.69577,25,60,12.72,0,0,23:53:37,
10.827463,106.6958,24,63,12.89,0,0,23:53:41,
10.827478,106.695831,24,63,12.85,0,0,23:53:44,
10.827494,106.695892,25,60,12.8,0,0,23:53:49,
10.8275,106.69593,24,63,12.79,0,0,23:53:52,
10.827509,106.695991,25,60,13.16,0,0,23:43:56,
10.827547,106.696029,25,60,13.81,0,0,23:54:00,
10.827562,106.69606,25,60,14.33,0,0,23:54:05,
10.827559,106.69609,25,60,14.72,0,0,23:54:09,
10.827557,106.696128,25,60,15.21,0,0,23:54:12,
10.827552,106.696151,25,60,15.89,0,0,23:54:16,
10.827544,106.696159,25,60,16,0,0,23:54:20,
10.827546,106.696159,25,60,16.21,0,0,23:54:24,
10.827543,106.696159,25,60,16.2,0,0,23:54:28,
10.827544,106.696159,25,60,16.23,0,0,23:54:32,
10.827547,106.696166,25,60,16.28,0,0,23:54:35,
10.827546,106.696174,20,72,16.31,0,0,23:54:38,
10.827548,106.696182,20,71,16.29,0,0,23:54:42,
10.827538,106.696189,18,85,16.24,0,0,23:54:45,
10.827515,106.696197,8,86,16.11,0,0,23:54:48,
10.827522,106.696212,19,78,15.95,0,0,23:54:52,
10.816667,106.687843,8,173,64,0,0,8:35:47,
10.822327,106.687843,8,165,63.18,0,0,8:35:51,
10.822335,106.687843,8,165,63,0,0,8:35:44,
10.822348,106.68785,8,165,66.27,0,0,8:35:59,
10.822325,106.687843,13,100,64.92,0,0,8:36:04,
10.822328,106.687843,13,123,65.31,0,0,8:36:07,
10.82233,106.687843,11,148,65.5,0,0,8:36:10,
10.822324,106.68785,13,123,63.76,0,0,8:36:14,
10.822331,106.687843,13,131,62.58,0,0,8:36:21,
10.82233,106.68785,14,120,62.28,0,0,8:36:24,
10.822327,106.687843,14,120,62.14,0,0,8:36:30,
10.822329,106.687843,14,119,62.05,0,0,8:36:33,
10.822339,106.687843,14,119,62.21,0,0,8:36:41,
10.822336,106.687858,15,111,62.3,0,0,8:36:45,
10.822336,107.68785,15,111,62.35,0,0,8:36:48,
10.822336,6.687853,15,111,62.29,0,0,7:36:51,
10.822337,106.68785,15,111,62.12,0,0,8:36:56,
10.822334,106.68785,15,110,62.3,0,0,8:37:01,
10.822333,106.687858,15,111,62.34,0,0,8:37:05,
10.822332,6.687857,16,100,62.43,0,0,7:37:10,
10.822332,106.687858,16,100,62.45,0,0,8:37:13,
10.822332,106.687858,16,100,62.47,0,0,8:37:18,
10.82233,106.687858,16,100,62.6,0,0,8:37:22,
10.822331,106.687858,16,100,62.51,0,0,8:37:26,
10.822332,106.68785,16,100,62.48,0,0,8:37:29,
10.822332,106.68785,17,96,62.47,0,0,8:37:32,
10.822327,106.687858,17,96,62.47,0,0,8:37:37,
10.822336,106.68785,17,96,61.11,0,0,8:37:42,
10.82234,106.68785,17,96,60.07,0,0,8:37:46,
10.822342,106.67118,17,96,58.86,0,0,8:37:51,
10.822342,106.687843,17,96,58.87,0,0,8:37:55,
10.822342,6.687845,18,96,58.97,0,0,8:37:58,
10.822337,106.68785,18,96,59.26,0,0,8:38:03,
10.822331,106.683334,18,96,59.37,0,0,8:38:06,
10.822331,106.687858,19,92,59.52,0,0,8:38:09,
10.82233,106.687866,19,92,59.75,0,0,8:38:13,
10.822333,106.687866,19,95,60.02,0,0,8:38:17,
0.822334,106.687866,19,0,60.28,0,0,8:38:20,
10.822335,106.687866,19,95,60.32,0,0,8:38:23,
10.82233,106.687866,19,85,61.04,0,0,8:38:27,
10.822322,106.687873,18,102,62.15,0,0,8:38:35,
10.82232,106.687873,19,95,62.59,0,0,8:38:38,
10.8223,106.687873,20,78,63.15,0,0,8:38:41,
10.822319,106.687873,20,78,63.71,0,0,8:38:46,
10.82232,106.687873,20,78,63.88,0,0,8:38:49,
10.822319,106.687873,20,78,64.15,0,0,8:38:54,
10.822319,106.687873,20,78,64.55,0,0,8:38:57,
10.822319,106.687866,20,78,64.91,0,0,8:39:03,
10.822318,106.687866,20,78,65.28,0,0,8:39:07,
10.822318,106.687866,20,78,65.56,0,0,8:39:00,
10.822317,107.687866,20,78,64.66,0,0,8:39:03,
10.822316,106.687866,21,78,65.85,0,0,8:39:17,
10.822315,106.683334,21,78,65.92,0,0,8:39:20,
10.822315,106.687866,21,78,66.03,0,0,8:39:24,
10.822315,106.687866,22,73,66.14,0,0,8:39:27,
10.822317,106.687866,22,73,65.75,0,0,8:39:30,
10.822321,106.687858,22,73,64.9,0,0,8:39:34,
10.822325,106.68785,22,73,64,0,0,8:39:38,
10.822325,106.68785,22,73,63.96,0,0,8:39:41,
10.822326,106.687858,22,73,63.71,0,0,8:39:45,
10.822328,106.687858,23,72,63.39,0,0,8:39:48,
10.82235,106.68785,23,72,63.71,0,0,8:39:54,
10.822373,106.687843,22,72,64.34,0,0,8:39:57,
10.822348,106.687812,21,72,65.75,0,0,8:40:07,
10.82234,106.68782,19,73,66.48,0,0,8:40:11,
10.822338,106.68785,17,73,67.07,0,0,8:40:14,
10.822337,106.687904,16,76,68.16,0,0,8:40:19,
10.822342,106.687927,6,76,69.08,0,0,8:40:23,
10.822309,106.687858,17,75,71.38,0,0,8:40:32,
10.822322,106.687843,18,74,72.25,0,0,8:40:35,
10.822367,106.687881,20,75,73.85,0,0,8:40:41,
10.822317,106.687904,22,72,72.37,0,0,8:40:44,
10.822318,106.687896,23,72,70.58,0,0,8:40:49,
10.822327,106.687889,23,72,69.38,0,0,8:40:53,
10.822328,106.687889,23,72,69.36,0,0,8:40:56,
10.822326,106.687889,23,72,69.43,0,0,8:41:00,
10.822326,106.687889,21,72,69.42,0,0,8:41:03,
10.822326,106.687889,19,73,69.4,0,0,8:41:07,
10.822327,106.671218,22,73,69.38,0,0,8:41:11,
10.822328,106.687889,23,68,69.36,0,0,8:41:15,
10.822329,106.687881,23,68,69.35,0,0,8:41:18,
10.82233,106.687889,23,68,69.34,0,0,8:41:22,
10.822328,106.687889,24,66,69.27,0,0,8:41:26,
10.822328,106.683334,23,66,69.34,0,0,8:41:29,
10.822312,106.687881,35,63,69.23,0,0,8:41:32,
10.805662,106.687881,24,65,69.19,0,0,8:41:35,
10.822331,106.687881,25,64,69.13,0,0,8:41:38,
10.82234,106.687873,26,63,68.76,0,0,8:41:46,
10.822346,106.687873,26,63,68.72,0,0,8:41:49,
10.822348,107.687873,26,63,78.63,0,0,8:41:52,
10.822351,106.687873,25,64,68.6,0,0,8:41:56,
10.822353,106.687881,25,64,68.48,0,0,8:42:01,
10.822353,106.687881,26,63,68.47,0,0,8:42:07,
10.822354,106.687881,26,63,68.44,0,0,8:42:10,
0.822352,106.687873,25,64,68.41,0,0,8:42:14,
10.822353,106.687873,28,58,68.41,0,0,8:42:17,
10.822357,106.687873,27,59,68.4,0,0,8:42:23,
10.822357,106.687873,27,59,68.47,0,0,8:42:27,
10.822356,106.687873,28,58,68.38,0,0,8:42:30,
10.822355,106.687873,29,58,68.34,0,0,8:42:33,
10.822359,106.687873,27,61,68.17,0,0,8:42:37,
10.822362,106.687873,29,57,68.01,0,0,8:42:46,
10.822365,106.687866,29,56,67.94,0,0,8:42:51,
10.822364,106.687873,28,57,67.95,0,0,8:42:56,
10.822365,106.687866,29,56,67.93,0,0,8:42:59,
10.822365,106.687873,29,56,67.87,0,0,8:43:04,
10.822366,106.687873,29,56,67.84,0,0,8:43:07,
10.822365,106.687866,29,56,67.81,0,0,8:43:12,
10.822368,106.687866,29,56,67.87,0,0,8:43:19,
10.822369,106.687866,29,56,67.81,0,0,8:43:24,
10.82237,106.687866,28,58,67.75,0,0,8:43:27,
10.822389,106.687866,29,56,67.53,0,0,8:43:32,
10.822381,106.687866,29,56,67.52,0,0,8:43:44,
10.822382,106.687866,29,56,67.75,0,0,8:43:48,
10.822383,106.687866,29,56,67.64,0,0,8:43:51,
10.822376,106.687873,29,56,67.64,0,0,8:43:54,
0.822373,106.687873,29,56,67.61,0,0,8:43:59,
10.822373,106.687873,30,55,67.63,0,0,8:44:03,
10.82237,106.687881,30,55,67.65,0,0,8:44:08,
10.822369,107.687881,30,55,67.52,0,0,8:44:11,
10.822386,106.687873,30,55,67.25,0,0,8:44:16,
10.822371,106.687873,30,55,66.71,0,0,8:44:19,
10.822361,106.687873,29,56,66.5,0,0,8:44:24,
10.822361,106.671211,29,56,66.44,0,0,8:44:28,
10.82236,106.687873,29,56,66.38,0,0,8:44:34,
10.82236,106.687873,29,56,66.39,0,0,8:44:40,
10.822361,107.687873,29,56,66.42,0,0,8:44:44,
10.822361,106.687873,28,59,66.4,0,0,8:44:47,
10.82236,106.687873,29,56,66.37,0,0,8:44:51,
10.82236,106.687873,29,56,66.16,0,0,8:44:55,
10.822362,106.687873,27,62,66.32,0,0,8:44:58,
10.82236,106.687866,29,56,66.15,0,0,8:45:02,
10.822375,106.68785,28,56,66.06,0,0,8:45:10,
10.822378,106.68785,28,56,66.1,0,0,8:45:13,
10.822379,106.689521,28,56,66.06,0,0,8:45:16,
10.822377,106.687858,22,63,66.08,0,0,8:45:20,
10.822361,106.687866,23,63,66.2,0,0,8:45:24,
10.82235,106.687873,21,68,66.38,0,0,8:45:29,
10.822351,106.687873,18,0,66.4,0,0,8:45:32,
10.822351,106.687873,18,72,66.41,0,0,8:45:35,
10.822353,106.687873,18,72,66.38,0,0,8:45:38,
10.822356,107.687873,18,72,67.33,0,0,8:45:41,
10.822382,6.687872,18,72,66.3,0,0,7:45:46,
10.822394,106.687873,18,75,66.27,0,0,8:45:49,
10.822411,106.687866,19,74,66.16,0,0,8:45:56,
10.822406,106.687873,18,76,66.11,0,0,8:46:00,
10.822406,106.687873,19,74,66.06,0,0,8:46:03,
10.822398,106.687866,20,69,66.03,0,0,8:46:06,
0.822383,106.687873,20,70,65.97,0,0,8:46:11,
10.822372,106.687873,20,70,65.9,0,0,8:46:15,
10.822362,106.687873,20,70,65.85,0,0,8:46:18,
10.822362,106.687881,21,65,65.8,0,0,8:46:22,
10.822364,106.687889,20,67,65.73,0,0,8:46:26,
10.822369,106.687881,20,67,65.63,0,0,8:46:29,
10.822378,106.687889,20,67,65.45,0,0,8:46:34,
10.822397,106.687889,22,66,65.41,0,0,8:46:37,
10.822381,106.687896,21,66,65.37,0,0,8:46:40,
10.822384,106.687896,22,66,65.43,0,0,8:46:43,
10.822385,106.687896,22,65,65.42,0,0,8:46:46,
10.822398,106.687889,21,66,64.73,0,0,8:46:52,
10.822402,106.687889,22,66,64.3,0,0,8:46:55,
10.82241,106.689552,23,66,63.93,0,0,8:46:58,
10.822415,106.687873,22,66,63.54,0,0,8:47:03,
10.822421,106.687866,22,66,63.2,0,0,8:47:06,
10.82244,6.687863,21,67,62.38,0,0,7:47:13,
10.822425,106.687866,21,72,62.13,0,0,8:47:25,
10.822427,106.687873,20,71,62.1,0,0,8:47:30,
10.822427,106.687873,20,71,62.22,0,0,8:47:38,
10.822424,106.687873,21,71,62,0,0,8:47:40,
10.822418,106.687873,19,77,62.32,0,0,8:47:47,
10.82242,106.687881,15,84,62.33,0,0,8:47:50,
10.822425,106.687889,11,88,62.34,0,0,8:47:53,
10.822427,106.687896,8,189,62.35,0,0,8:47:56,
10.82218,106.687576,12,123,92.88,0,0,8:48:43,
10.822184,106.687576,12,123,91.76,0,0,8:48:46,
10.822113,106.687583,11,124,71.03,0,0,8:48:51,
10.816667,106.687553,11,124,76.54,0,0,8:48:54,
10.822044,106.687561,12,102,68.82,0,0,8:48:58,
10.822043,106.687538,12,102,70.61,0,0,8:49:01,
10.822031,106.687522,12,102,72.24,0,0,8:49:04,
10.822028,106.687492,12,102,73.62,0,0,8:49:07,
10.822016,106.687477,10,111,75.97,0,0,8:49:14,
10.821998,106.687469,9,135,77.65,0,0,8:49:21,
10.821993,106.687454,10,111,78.77,0,0,8:49:25,
10.822014,106.687431,9,112,79.51,0,0,8:49:28,
10.822047,106.687385,10,110,80.44,0,0,8:49:32,
10.82208,106.687385,9,112,81.44,0,0,8:49:36,
10.822067,106.670707,9,112,82.23,0,0,8:49:40,
10.822056,106.687377,10,111,82.64,0,0,8:49:43,
10.822053,106.687377,10,111,82.86,0,0,8:49:47,
10.822056,107.68737,10,111,82.98,0,0,8:49:52,
10.822066,106.68737,8,115,83.04,0,0,8:49:56,
